lookback,z_short_rc,z_long_rc,z_short_ss,z_long_ss,pnl
5,0.02,0.02,0.02,0.02,2278095.68
3,0.02,0.02,0.02,0.02,2267503.92
3,0.02,0.02,0.02,0.12000000000000001,2267503.92
3,0.02,0.02,0.02,0.22,2267834.52
3,0.02,0.02,0.12000000000000001,0.02,2267503.92
3,0.02,0.02,0.12000000000000001,0.12000000000000001,2267503.92
3,0.02,0.02,0.12000000000000001,0.22,2267834.52
3,0.02,0.02,0.22,0.02,2267503.92
3,0.02,0.02,0.22,0.12000000000000001,2267503.92
3,0.02,0.02,0.22,0.22,2267834.52
3,0.02,0.12000000000000001,0.02,0.02,2267503.92
3,0.02,0.12000000000000001,0.02,0.12000000000000001,2266569.50
3,0.02,0.12000000000000001,0.02,0.22,2267056.46
3,0.02,0.12000000000000001,0.12000000000000001,0.02,2267503.92
3,0.02,0.12000000000000001,0.12000000000000001,0.12000000000000001,2266569.50
3,0.02,0.12000000000000001,0.12000000000000001,0.22,2267056.46
3,0.02,0.12000000000000001,0.22,0.02,2267503.92
3,0.02,0.12000000000000001,0.22,0.12000000000000001,2266569.50
3,0.02,0.12000000000000001,0.22,0.22,2267056.46
3,0.02,0.22,0.02,0.02,2267103.50
3,0.02,0.22,0.02,0.12000000000000001,2265875.36
3,0.02,0.22,0.02,0.22,2265168.46
3,0.02,0.22,0.12000000000000001,0.02,2267103.50
3,0.02,0.22,0.12000000000000001,0.12000000000000001,2265875.36
3,0.02,0.22,0.12000000000000001,0.22,2265168.46
3,0.02,0.22,0.22,0.02,2267203.58
3,0.02,0.22,0.22,0.12000000000000001,2265975.44
3,0.02,0.22,0.22,0.22,2265268.54
3,0.12000000000000001,0.02,0.02,0.02,2267503.92
3,0.12000000000000001,0.02,0.02,0.12000000000000001,2267503.92
3,0.12000000000000001,0.02,0.02,0.22,2267834.52
3,0.12000000000000001,0.02,0.12000000000000001,0.02,2267503.92
3,0.12000000000000001,0.02,0.12000000000000001,0.12000000000000001,2267503.92
3,0.12000000000000001,0.02,0.12000000000000001,0.22,2267834.52
3,0.12000000000000001,0.02,0.22,0.02,2267899.72
3,0.12000000000000001,0.02,0.22,0.12000000000000001,2267899.72
3,0.12000000000000001,0.02,0.22,0.22,2268230.32
3,0.12000000000000001,0.12000000000000001,0.02,0.02,2267503.92
3,0.12000000000000001,0.12000000000000001,0.02,0.12000000000000001,2266569.50
3,0.12000000000000001,0.12000000000000001,0.02,0.22,2267056.46
3,0.12000000000000001,0.12000000000000001,0.12000000000000001,0.02,2267503.92
3,0.12000000000000001,0.12000000000000001,0.12000000000000001,0.12000000000000001,2266569.50
3,0.12000000000000001,0.12000000000000001,0.12000000000000001,0.22,2267056.46
3,0.12000000000000001,0.12000000000000001,0.22,0.02,2267899.72
3,0.12000000000000001,0.12000000000000001,0.22,0.12000000000000001,2267121.04
3,0.12000000000000001,0.12000000000000001,0.22,0.22,2267608.00
3,0.12000000000000001,0.22,0.02,0.02,2267103.50
3,0.12000000000000001,0.22,0.02,0.12000000000000001,2265875.36
3,0.12000000000000001,0.22,0.02,0.22,2265168.46
3,0.12000000000000001,0.22,0.12000000000000001,0.02,2267103.50
3,0.12000000000000001,0.22,0.12000000000000001,0.12000000000000001,2265875.36
3,0.12000000000000001,0.22,0.12000000000000001,0.22,2265168.46
3,0.12000000000000001,0.22,0.22,0.02,2267599.38
3,0.12000000000000001,0.22,0.22,0.12000000000000001,2266526.98
3,0.12000000000000001,0.22,0.22,0.22,2265820.08
3,0.22,0.02,0.02,0.02,2267503.92
3,0.22,0.02,0.02,0.12000000000000001,2267503.92
3,0.22,0.02,0.02,0.22,2267586.54
3,0.22,0.02,0.12000000000000001,0.02,2267641.36
3,0.22,0.02,0.12000000000000001,0.12000000000000001,2267641.36
3,0.22,0.02,0.12000000000000001,0.22,2267723.98
3,0.22,0.02,0.22,0.02,2268037.16
3,0.22,0.02,0.22,0.12000000000000001,2268037.16
3,0.22,0.02,0.22,0.22,2268119.78
3,0.22,0.12000000000000001,0.02,0.02,2267503.92
3,0.22,0.12000000000000001,0.02,0.12000000000000001,2266569.50
3,0.22,0.12000000000000001,0.02,0.22,2266808.48
3,0.22,0.12000000000000001,0.12000000000000001,0.02,2267641.36
3,0.22,0.12000000000000001,0.12000000000000001,0.12000000000000001,2266706.94
3,0.22,0.12000000000000001,0.12000000000000001,0.22,2266945.92
3,0.22,0.12000000000000001,0.22,0.02,2268037.16
3,0.22,0.12000000000000001,0.22,0.12000000000000001,2267258.48
3,0.22,0.12000000000000001,0.22,0.22,2267497.46
3,0.22,0.22,0.02,0.02,2267103.50
3,0.22,0.22,0.02,0.12000000000000001,2265875.36
3,0.22,0.22,0.02,0.22,2264920.48
3,0.22,0.22,0.12000000000000001,0.02,2267240.94
3,0.22,0.22,0.12000000000000001,0.12000000000000001,2266012.80
3,0.22,0.22,0.12000000000000001,0.22,2265057.92
3,0.22,0.22,0.22,0.02,2267736.82
3,0.22,0.22,0.22,0.12000000000000001,2266664.42
3,0.22,0.22,0.22,0.22,2265709.54
4,0.02,0.02,0.02,0.02,2267096.94
4,0.02,0.02,0.02,0.12000000000000001,2267096.94
4,0.02,0.02,0.02,0.22,2267107.54
4,0.02,0.02,0.12000000000000001,0.02,2269291.07
4,0.02,0.02,0.12000000000000001,0.12000000000000001,2269291.07
4,0.02,0.02,0.12000000000000001,0.22,2269301.67
4,0.02,0.02,0.22,0.02,2269997.57
4,0.02,0.02,0.22,0.12000000000000001,2269997.57
4,0.02,0.02,0.22,0.22,2270008.17
4,0.02,0.12000000000000001,0.02,0.02,2266762.76
4,0.02,0.12000000000000001,0.02,0.12000000000000001,2266762.76
4,0.02,0.12000000000000001,0.02,0.22,2266773.36
4,0.02,0.12000000000000001,0.12000000000000001,0.02,2268716.57
4,0.02,0.12000000000000001,0.12000000000000001,0.12000000000000001,2268716.57
4,0.02,0.12000000000000001,0.12000000000000001,0.22,2268727.17
4,0.02,0.12000000000000001,0.22,0.02,2268742.21
4,0.02,0.12000000000000001,0.22,0.12000000000000001,2268742.21
4,0.02,0.12000000000000001,0.22,0.22,2268752.81
4,0.02,0.22,0.02,0.02,2266762.76
4,0.02,0.22,0.02,0.12000000000000001,2266762.76
4,0.02,0.22,0.02,0.22,2266773.36
4,0.02,0.22,0.12000000000000001,0.02,2268716.57
4,0.02,0.22,0.12000000000000001,0.12000000000000001,2268716.57
4,0.02,0.22,0.12000000000000001,0.22,2268727.17
4,0.02,0.22,0.22,0.02,2269082.45
4,0.02,0.22,0.22,0.12000000000000001,2269082.45
4,0.02,0.22,0.22,0.22,2269093.05
4,0.12000000000000001,0.02,0.02,0.02,2270000.78
4,0.12000000000000001,0.02,0.02,0.12000000000000001,2268598.56
4,0.12000000000000001,0.02,0.02,0.22,2268609.16
4,0.12000000000000001,0.02,0.12000000000000001,0.02,2272194.91
4,0.12000000000000001,0.02,0.12000000000000001,0.12000000000000001,2270792.69
4,0.12000000000000001,0.02,0.12000000000000001,0.22,2270803.29
4,0.12000000000000001,0.02,0.22,0.02,2272901.41
4,0.12000000000000001,0.02,0.22,0.12000000000000001,2271499.19
4,0.12000000000000001,0.02,0.22,0.22,2271509.79
4,0.12000000000000001,0.12000000000000001,0.02,0.02,2269666.60
4,0.12000000000000001,0.12000000000000001,0.02,0.12000000000000001,2268264.38
4,0.12000000000000001,0.12000000000000001,0.02,0.22,2268274.98
4,0.12000000000000001,0.12000000000000001,0.12000000000000001,0.02,2271620.41
4,0.12000000000000001,0.12000000000000001,0.12000000000000001,0.12000000000000001,2270218.19
4,0.12000000000000001,0.12000000000000001,0.12000000000000001,0.22,2270228.79
4,0.12000000000000001,0.12000000000000001,0.22,0.02,2271646.05
4,0.12000000000000001,0.12000000000000001,0.22,0.12000000000000001,2270243.83
4,0.12000000000000001,0.12000000000000001,0.22,0.22,2270254.43
4,0.12000000000000001,0.22,0.02,0.02,2269666.60
4,0.12000000000000001,0.22,0.02,0.12000000000000001,2268264.38
4,0.12000000000000001,0.22,0.02,0.22,2268274.98
4,0.12000000000000001,0.22,0.12000000000000001,0.02,2271620.41
4,0.12000000000000001,0.22,0.12000000000000001,0.12000000000000001,2270218.19
4,0.12000000000000001,0.22,0.12000000000000001,0.22,2270228.79
4,0.12000000000000001,0.22,0.22,0.02,2271986.29
4,0.12000000000000001,0.22,0.22,0.12000000000000001,2270584.07
4,0.12000000000000001,0.22,0.22,0.22,2270594.67
4,0.22,0.02,0.02,0.02,2270000.78
4,0.22,0.02,0.02,0.12000000000000001,2268598.56
4,0.22,0.02,0.02,0.22,2268609.16
4,0.22,0.02,0.12000000000000001,0.02,2272308.56
4,0.22,0.02,0.12000000000000001,0.12000000000000001,2270906.34
4,0.22,0.02,0.12000000000000001,0.22,2270916.94
4,0.22,0.02,0.22,0.02,2273015.06
4,0.22,0.02,0.22,0.12000000000000001,2271612.84
4,0.22,0.02,0.22,0.22,2271623.44
4,0.22,0.12000000000000001,0.02,0.02,2269666.60
4,0.22,0.12000000000000001,0.02,0.12000000000000001,2268264.38
4,0.22,0.12000000000000001,0.02,0.22,2268274.98
4,0.22,0.12000000000000001,0.12000000000000001,0.02,2271734.06
4,0.22,0.12000000000000001,0.12000000000000001,0.12000000000000001,2270331.84
4,0.22,0.12000000000000001,0.12000000000000001,0.22,2270342.44
4,0.22,0.12000000000000001,0.22,0.02,2271759.70
4,0.22,0.12000000000000001,0.22,0.12000000000000001,2270357.48
4,0.22,0.12000000000000001,0.22,0.22,2270368.08
4,0.22,0.22,0.02,0.02,2269666.60
4,0.22,0.22,0.02,0.12000000000000001,2268264.38
4,0.22,0.22,0.02,0.22,2268274.98
4,0.22,0.22,0.12000000000000001,0.02,2271734.06
4,0.22,0.22,0.12000000000000001,0.12000000000000001,2270331.84
4,0.22,0.22,0.12000000000000001,0.22,2270342.44
4,0.22,0.22,0.22,0.02,2272099.94
4,0.22,0.22,0.22,0.12000000000000001,2270697.72
4,0.22,0.22,0.22,0.22,2270708.32
5,0.02,0.02,0.02,0.12000000000000001,2278095.68
5,0.02,0.02,0.02,0.22,2278045.62
5,0.02,0.02,0.12000000000000001,0.02,2280157.48
5,0.02,0.02,0.12000000000000001,0.12000000000000001,2280157.48
5,0.02,0.02,0.12000000000000001,0.22,2280107.42
5,0.02,0.02,0.22,0.02,2279579.11
5,0.02,0.02,0.22,0.12000000000000001,2279579.11
5,0.02,0.02,0.22,0.22,2279529.05
5,0.02,0.12000000000000001,0.02,0.02,2279175.44
5,0.02,0.12000000000000001,0.02,0.12000000000000001,2279175.44
5,0.02,0.12000000000000001,0.02,0.22,2279458.20
5,0.02,0.12000000000000001,0.12000000000000001,0.02,2279965.41
5,0.02,0.12000000000000001,0.12000000000000001,0.12000000000000001,2279965.41
5,0.02,0.12000000000000001,0.12000000000000001,0.22,2280248.17
5,0.02,0.12000000000000001,0.22,0.02,2279387.04
5,0.02,0.12000000000000001,0.22,0.12000000000000001,2279387.04
5,0.02,0.12000000000000001,0.22,0.22,2279669.80
5,0.02,0.22,0.02,0.02,2280558.28
5,0.02,0.22,0.02,0.12000000000000001,2280558.28
5,0.02,0.22,0.02,0.22,2279537.92
5,0.02,0.22,0.12000000000000001,0.02,2281002.53
5,0.02,0.22,0.12000000000000001,0.12000000000000001,2281002.53
5,0.02,0.22,0.12000000000000001,0.22,2279982.17
5,0.02,0.22,0.22,0.02,2280424.16
5,0.02,0.22,0.22,0.12000000000000001,2280424.16
5,0.02,0.22,0.22,0.22,2279403.80
5,0.12000000000000001,0.02,0.02,0.02,2278095.68
5,0.12000000000000001,0.02,0.02,0.12000000000000001,2278095.68
5,0.12000000000000001,0.02,0.02,0.22,2278093.65
5,0.12000000000000001,0.02,0.12000000000000001,0.02,2280157.48
5,0.12000000000000001,0.02,0.12000000000000001,0.12000000000000001,2280157.48
5,0.12000000000000001,0.02,0.12000000000000001,0.22,2280155.45
5,0.12000000000000001,0.02,0.22,0.02,2279579.11
5,0.12000000000000001,0.02,0.22,0.12000000000000001,2279579.11
5,0.12000000000000001,0.02,0.22,0.22,2279577.08
5,0.12000000000000001,0.12000000000000001,0.02,0.02,2279175.44
5,0.12000000000000001,0.12000000000000001,0.02,0.12000000000000001,2279175.44
5,0.12000000000000001,0.12000000000000001,0.02,0.22,2279339.82
5,0.12000000000000001,0.12000000000000001,0.12000000000000001,0.02,2279965.41
5,0.12000000000000001,0.12000000000000001,0.12000000000000001,0.12000000000000001,2279965.41
5,0.12000000000000001,0.12000000000000001,0.12000000000000001,0.22,2280129.79
5,0.12000000000000001,0.12000000000000001,0.22,0.02,2279387.04
5,0.12000000000000001,0.12000000000000001,0.22,0.12000000000000001,2279387.04
5,0.12000000000000001,0.12000000000000001,0.22,0.22,2279551.42
5,0.12000000000000001,0.22,0.02,0.02,2280558.28
5,0.12000000000000001,0.22,0.02,0.12000000000000001,2280558.28
5,0.12000000000000001,0.22,0.02,0.22,2279419.54
5,0.12000000000000001,0.22,0.12000000000000001,0.02,2281002.53
5,0.12000000000000001,0.22,0.12000000000000001,0.12000000000000001,2281002.53
5,0.12000000000000001,0.22,0.12000000000000001,0.22,2279863.79
5,0.12000000000000001,0.22,0.22,0.02,2280424.16
5,0.12000000000000001,0.22,0.22,0.12000000000000001,2280424.16
5,0.12000000000000001,0.22,0.22,0.22,2279285.42
5,0.22,0.02,0.02,0.02,2277887.16
5,0.22,0.02,0.02,0.12000000000000001,2278043.52
5,0.22,0.02,0.02,0.22,2278041.49
5,0.22,0.02,0.12000000000000001,0.02,2279017.13
5,0.22,0.02,0.12000000000000001,0.12000000000000001,2279173.49
5,0.22,0.02,0.12000000000000001,0.22,2279171.46
5,0.22,0.02,0.22,0.02,2278438.76
5,0.22,0.02,0.22,0.12000000000000001,2278595.12
5,0.22,0.02,0.22,0.22,2278593.09
5,0.22,0.12000000000000001,0.02,0.02,2278966.92
5,0.22,0.12000000000000001,0.02,0.12000000000000001,2279123.28
5,0.22,0.12000000000000001,0.02,0.22,2279287.66
5,0.22,0.12000000000000001,0.12000000000000001,0.02,2279014.18
5,0.22,0.12000000000000001,0.12000000000000001,0.12000000000000001,2279170.54
5,0.22,0.12000000000000001,0.12000000000000001,0.22,2279334.92
5,0.22,0.12000000000000001,0.22,0.02,2278435.81
5,0.22,0.12000000000000001,0.22,0.12000000000000001,2278592.17
5,0.22,0.12000000000000001,0.22,0.22,2278756.55
5,0.22,0.22,0.02,0.02,2280349.76
5,0.22,0.22,0.02,0.12000000000000001,2280506.12
5,0.22,0.22,0.02,0.22,2279367.38
5,0.22,0.22,0.12000000000000001,0.02,2280051.30
5,0.22,0.22,0.12000000000000001,0.12000000000000001,2280207.66
5,0.22,0.22,0.12000000000000001,0.22,2279068.92
5,0.22,0.22,0.22,0.02,2279472.93
5,0.22,0.22,0.22,0.12000000000000001,2279629.29
5,0.22,0.22,0.22,0.22,2278490.55
6,0.02,0.02,0.02,0.02,2269232.20
6,0.02,0.02,0.02,0.12000000000000001,2269232.20
6,0.02,0.02,0.02,0.22,2269525.16
6,0.02,0.02,0.12000000000000001,0.02,2269232.20
6,0.02,0.02,0.12000000000000001,0.12000000000000001,2269232.20
6,0.02,0.02,0.12000000000000001,0.22,2269525.16
6,0.02,0.02,0.22,0.02,2268510.11
6,0.02,0.02,0.22,0.12000000000000001,2268510.11
6,0.02,0.02,0.22,0.22,2268803.07
6,0.02,0.12000000000000001,0.02,0.02,2268121.58
6,0.02,0.12000000000000001,0.02,0.12000000000000001,2268121.58
6,0.02,0.12000000000000001,0.02,0.22,2268012.30
6,0.02,0.12000000000000001,0.12000000000000001,0.02,2268880.26
6,0.02,0.12000000000000001,0.12000000000000001,0.12000000000000001,2268880.26
6,0.02,0.12000000000000001,0.12000000000000001,0.22,2268770.98
6,0.02,0.12000000000000001,0.22,0.02,2268037.89
6,0.02,0.12000000000000001,0.22,0.12000000000000001,2268037.89
6,0.02,0.12000000000000001,0.22,0.22,2267928.61
6,0.02,0.22,0.02,0.02,2268121.58
6,0.02,0.22,0.02,0.12000000000000001,2268121.58
6,0.02,0.22,0.02,0.22,2268012.30
6,0.02,0.22,0.12000000000000001,0.02,2268880.26
6,0.02,0.22,0.12000000000000001,0.12000000000000001,2268880.26
6,0.02,0.22,0.12000000000000001,0.22,2268770.98
6,0.02,0.22,0.22,0.02,2268037.89
6,0.02,0.22,0.22,0.12000000000000001,2268037.89
6,0.02,0.22,0.22,0.22,2267928.61
6,0.12000000000000001,0.02,0.02,0.02,2269232.20
6,0.12000000000000001,0.02,0.02,0.12000000000000001,2269232.20
6,0.12000000000000001,0.02,0.02,0.22,2269545.92
6,0.12000000000000001,0.02,0.12000000000000001,0.02,2269232.20
6,0.12000000000000001,0.02,0.12000000000000001,0.12000000000000001,2269232.20
6,0.12000000000000001,0.02,0.12000000000000001,0.22,2269545.92
6,0.12000000000000001,0.02,0.22,0.02,2268510.11
6,0.12000000000000001,0.02,0.22,0.12000000000000001,2268510.11
6,0.12000000000000001,0.02,0.22,0.22,2268823.83
6,0.12000000000000001,0.12000000000000001,0.02,0.02,2268121.58
6,0.12000000000000001,0.12000000000000001,0.02,0.12000000000000001,2268121.58
6,0.12000000000000001,0.12000000000000001,0.02,0.22,2268033.06
6,0.12000000000000001,0.12000000000000001,0.12000000000000001,0.02,2268880.26
6,0.12000000000000001,0.12000000000000001,0.12000000000000001,0.12000000000000001,2268880.26
6,0.12000000000000001,0.12000000000000001,0.12000000000000001,0.22,2268791.74
6,0.12000000000000001,0.12000000000000001,0.22,0.02,2268037.89
6,0.12000000000000001,0.12000000000000001,0.22,0.12000000000000001,2268037.89
6,0.12000000000000001,0.12000000000000001,0.22,0.22,2267949.37
6,0.12000000000000001,0.22,0.02,0.02,2268121.58
6,0.12000000000000001,0.22,0.02,0.12000000000000001,2268121.58
6,0.12000000000000001,0.22,0.02,0.22,2268033.06
6,0.12000000000000001,0.22,0.12000000000000001,0.02,2268880.26
6,0.12000000000000001,0.22,0.12000000000000001,0.12000000000000001,2268880.26
6,0.12000000000000001,0.22,0.12000000000000001,0.22,2268791.74
6,0.12000000000000001,0.22,0.22,0.02,2268037.89
6,0.12000000000000001,0.22,0.22,0.12000000000000001,2268037.89
6,0.12000000000000001,0.22,0.22,0.22,2267949.37
6,0.22,0.02,0.02,0.02,2270802.90
6,0.22,0.02,0.02,0.12000000000000001,2269624.92
6,0.22,0.02,0.02,0.22,2269656.49
6,0.22,0.02,0.12000000000000001,0.02,2270470.11
6,0.22,0.02,0.12000000000000001,0.12000000000000001,2269292.13
6,0.22,0.02,0.12000000000000001,0.22,2269323.70
6,0.22,0.02,0.22,0.02,2268608.34
6,0.22,0.02,0.22,0.12000000000000001,2267430.36
6,0.22,0.02,0.22,0.22,2267461.93
6,0.22,0.12000000000000001,0.02,0.02,2269692.28
6,0.22,0.12000000000000001,0.02,0.12000000000000001,2268514.30
6,0.22,0.12000000000000001,0.02,0.22,2268143.63
6,0.22,0.12000000000000001,0.12000000000000001,0.02,2270118.17
6,0.22,0.12000000000000001,0.12000000000000001,0.12000000000000001,2268940.19
6,0.22,0.12000000000000001,0.12000000000000001,0.22,2268569.52
6,0.22,0.12000000000000001,0.22,0.02,2268136.12
6,0.22,0.12000000000000001,0.22,0.12000000000000001,2266958.14
6,0.22,0.12000000000000001,0.22,0.22,2266587.47
6,0.22,0.22,0.02,0.02,2269692.28
6,0.22,0.22,0.02,0.12000000000000001,2268514.30
6,0.22,0.22,0.02,0.22,2268143.63
6,0.22,0.22,0.12000000000000001,0.02,2270118.17
6,0.22,0.22,0.12000000000000001,0.12000000000000001,2268940.19
6,0.22,0.22,0.12000000000000001,0.22,2268569.52
6,0.22,0.22,0.22,0.02,2268136.12
6,0.22,0.22,0.22,0.12000000000000001,2266958.14
6,0.22,0.22,0.22,0.22,2266587.47
7,0.02,0.02,0.02,0.02,2270550.95
7,0.02,0.02,0.02,0.12000000000000001,2270550.95
7,0.02,0.02,0.02,0.22,2269038.13
7,0.02,0.02,0.12000000000000001,0.02,2270550.95
7,0.02,0.02,0.12000000000000001,0.12000000000000001,2270550.95
7,0.02,0.02,0.12000000000000001,0.22,2269038.13
7,0.02,0.02,0.22,0.02,2270550.95
7,0.02,0.02,0.22,0.12000000000000001,2270550.95
7,0.02,0.02,0.22,0.22,2269038.13
7,0.02,0.12000000000000001,0.02,0.02,2270550.95
7,0.02,0.12000000000000001,0.02,0.12000000000000001,2270588.48
7,0.02,0.12000000000000001,0.02,0.22,2269205.39
7,0.02,0.12000000000000001,0.12000000000000001,0.02,2270550.95
7,0.02,0.12000000000000001,0.12000000000000001,0.12000000000000001,2270588.48
7,0.02,0.12000000000000001,0.12000000000000001,0.22,2269205.39
7,0.02,0.12000000000000001,0.22,0.02,2270550.95
7,0.02,0.12000000000000001,0.22,0.12000000000000001,2270588.48
7,0.02,0.12000000000000001,0.22,0.22,2269205.39
7,0.02,0.22,0.02,0.02,2268895.83
7,0.02,0.22,0.02,0.12000000000000001,2269015.98
7,0.02,0.22,0.02,0.22,2267632.89
7,0.02,0.22,0.12000000000000001,0.02,2269309.59
7,0.02,0.22,0.12000000000000001,0.12000000000000001,2269429.74
7,0.02,0.22,0.12000000000000001,0.22,2268046.65
7,0.02,0.22,0.22,0.02,2269309.59
7,0.02,0.22,0.22,0.12000000000000001,2269429.74
7,0.02,0.22,0.22,0.22,2268046.65
7,0.12000000000000001,0.02,0.02,0.02,2269913.97
7,0.12000000000000001,0.02,0.02,0.12000000000000001,2270106.74
7,0.12000000000000001,0.02,0.02,0.22,2268972.16
7,0.12000000000000001,0.02,0.12000000000000001,0.02,2269913.97
7,0.12000000000000001,0.02,0.12000000000000001,0.12000000000000001,2270106.74
7,0.12000000000000001,0.02,0.12000000000000001,0.22,2268972.16
7,0.12000000000000001,0.02,0.22,0.02,2269913.97
7,0.12000000000000001,0.02,0.22,0.12000000000000001,2270106.74
7,0.12000000000000001,0.02,0.22,0.22,2268972.16
7,0.12000000000000001,0.12000000000000001,0.02,0.02,2269913.97
7,0.12000000000000001,0.12000000000000001,0.02,0.12000000000000001,2270144.27
7,0.12000000000000001,0.12000000000000001,0.02,0.22,2269139.42
7,0.12000000000000001,0.12000000000000001,0.12000000000000001,0.02,2269913.97
7,0.12000000000000001,0.12000000000000001,0.12000000000000001,0.12000000000000001,2270144.27
7,0.12000000000000001,0.12000000000000001,0.12000000000000001,0.22,2269139.42
7,0.12000000000000001,0.12000000000000001,0.22,0.02,2269913.97
7,0.12000000000000001,0.12000000000000001,0.22,0.12000000000000001,2270144.27
7,0.12000000000000001,0.12000000000000001,0.22,0.22,2269139.42
7,0.12000000000000001,0.22,0.02,0.02,2268258.85
7,0.12000000000000001,0.22,0.02,0.12000000000000001,2268571.77
7,0.12000000000000001,0.22,0.02,0.22,2267566.92
7,0.12000000000000001,0.22,0.12000000000000001,0.02,2268672.61
7,0.12000000000000001,0.22,0.12000000000000001,0.12000000000000001,2268985.53
7,0.12000000000000001,0.22,0.12000000000000001,0.22,2267980.68
7,0.12000000000000001,0.22,0.22,0.02,2268672.61
7,0.12000000000000001,0.22,0.22,0.12000000000000001,2268985.53
7,0.12000000000000001,0.22,0.22,0.22,2267980.68
7,0.22,0.02,0.02,0.02,2269861.81
7,0.22,0.02,0.02,0.12000000000000001,2270054.58
7,0.22,0.02,0.02,0.22,2268920.00
7,0.22,0.02,0.12000000000000001,0.02,2269945.33
7,0.22,0.02,0.12000000000000001,0.12000000000000001,2270138.10
7,0.22,0.02,0.12000000000000001,0.22,2269192.64
7,0.22,0.02,0.22,0.02,2269945.33
7,0.22,0.02,0.22,0.12000000000000001,2270138.10
7,0.22,0.02,0.22,0.22,2269192.64
7,0.22,0.12000000000000001,0.02,0.02,2269861.81
7,0.22,0.12000000000000001,0.02,0.12000000000000001,2270092.11
7,0.22,0.12000000000000001,0.02,0.22,2269087.26
7,0.22,0.12000000000000001,0.12000000000000001,0.02,2269945.33
7,0.22,0.12000000000000001,0.12000000000000001,0.12000000000000001,2270175.63
7,0.22,0.12000000000000001,0.12000000000000001,0.22,2269359.90
7,0.22,0.12000000000000001,0.22,0.02,2269945.33
7,0.22,0.12000000000000001,0.22,0.12000000000000001,2270175.63
7,0.22,0.12000000000000001,0.22,0.22,2269359.90
7,0.22,0.22,0.02,0.02,2268206.69
7,0.22,0.22,0.02,0.12000000000000001,2268519.61
7,0.22,0.22,0.02,0.22,2267514.76
7,0.22,0.22,0.12000000000000001,0.02,2268703.97
7,0.22,0.22,0.12000000000000001,0.12000000000000001,2269016.89
7,0.22,0.22,0.12000000000000001,0.22,2268201.16
7,0.22,0.22,0.22,0.02,2268703.97
7,0.22,0.22,0.22,0.12000000000000001,2269016.89
7,0.22,0.22,0.22,0.22,2268201.16
8,0.02,0.02,0.02,0.02,2264096.44
8,0.02,0.02,0.02,0.12000000000000001,2264096.44
8,0.02,0.02,0.02,0.22,2264096.44
8,0.02,0.02,0.12000000000000001,0.02,2264096.44
8,0.02,0.02,0.12000000000000001,0.12000000000000001,2264096.44
8,0.02,0.02,0.12000000000000001,0.22,2264096.44
8,0.02,0.02,0.22,0.02,2263538.80
8,0.02,0.02,0.22,0.12000000000000001,2263538.80
8,0.02,0.02,0.22,0.22,2263538.80
8,0.02,0.12000000000000001,0.02,0.02,2264096.44
8,0.02,0.12000000000000001,0.02,0.12000000000000001,2264096.44
8,0.02,0.12000000000000001,0.02,0.22,2264096.44
8,0.02,0.12000000000000001,0.12000000000000001,0.02,2264096.44
8,0.02,0.12000000000000001,0.12000000000000001,0.12000000000000001,2264096.44
8,0.02,0.12000000000000001,0.12000000000000001,0.22,2264096.44
8,0.02,0.12000000000000001,0.22,0.02,2263718.30
8,0.02,0.12000000000000001,0.22,0.12000000000000001,2263718.30
8,0.02,0.12000000000000001,0.22,0.22,2263718.30
8,0.02,0.22,0.02,0.02,2264096.44
8,0.02,0.22,0.02,0.12000000000000001,2264096.44
8,0.02,0.22,0.02,0.22,2264096.44
8,0.02,0.22,0.12000000000000001,0.02,2264096.44
8,0.02,0.22,0.12000000000000001,0.12000000000000001,2264096.44
8,0.02,0.22,0.12000000000000001,0.22,2264096.44
8,0.02,0.22,0.22,0.02,2263598.02
8,0.02,0.22,0.22,0.12000000000000001,2263598.02
8,0.02,0.22,0.22,0.22,2263598.02
8,0.12000000000000001,0.02,0.02,0.02,2264096.44
8,0.12000000000000001,0.02,0.02,0.12000000000000001,2264096.44
8,0.12000000000000001,0.02,0.02,0.22,2264096.44
8,0.12000000000000001,0.02,0.12000000000000001,0.02,2264096.44
8,0.12000000000000001,0.02,0.12000000000000001,0.12000000000000001,2264096.44
8,0.12000000000000001,0.02,0.12000000000000001,0.22,2264096.44
8,0.12000000000000001,0.02,0.22,0.02,2263538.80
8,0.12000000000000001,0.02,0.22,0.12000000000000001,2263538.80
8,0.12000000000000001,0.02,0.22,0.22,2263538.80
8,0.12000000000000001,0.12000000000000001,0.02,0.02,2264096.44
8,0.12000000000000001,0.12000000000000001,0.02,0.12000000000000001,2264096.44
8,0.12000000000000001,0.12000000000000001,0.02,0.22,2264096.44
8,0.12000000000000001,0.12000000000000001,0.12000000000000001,0.02,2264096.44
8,0.12000000000000001,0.12000000000000001,0.12000000000000001,0.12000000000000001,2264096.44
8,0.12000000000000001,0.12000000000000001,0.12000000000000001,0.22,2264096.44
8,0.12000000000000001,0.12000000000000001,0.22,0.02,2263718.30
8,0.12000000000000001,0.12000000000000001,0.22,0.12000000000000001,2263718.30
8,0.12000000000000001,0.12000000000000001,0.22,0.22,2263718.30
8,0.12000000000000001,0.22,0.02,0.02,2264096.44
8,0.12000000000000001,0.22,0.02,0.12000000000000001,2264096.44
8,0.12000000000000001,0.22,0.02,0.22,2264096.44
8,0.12000000000000001,0.22,0.12000000000000001,0.02,2264096.44
8,0.12000000000000001,0.22,0.12000000000000001,0.12000000000000001,2264096.44
8,0.12000000000000001,0.22,0.12000000000000001,0.22,2264096.44
8,0.12000000000000001,0.22,0.22,0.02,2263598.02
8,0.12000000000000001,0.22,0.22,0.12000000000000001,2263598.02
8,0.12000000000000001,0.22,0.22,0.22,2263598.02
8,0.22,0.02,0.02,0.02,2263971.44
8,0.22,0.02,0.02,0.12000000000000001,2264127.80
8,0.22,0.02,0.02,0.22,2264127.80
8,0.22,0.02,0.12000000000000001,0.02,2263971.44
8,0.22,0.02,0.12000000000000001,0.12000000000000001,2264127.80
8,0.22,0.02,0.12000000000000001,0.22,2264127.80
8,0.22,0.02,0.22,0.02,2263413.80
8,0.22,0.02,0.22,0.12000000000000001,2263570.16
8,0.22,0.02,0.22,0.22,2263570.16
8,0.22,0.12000000000000001,0.02,0.02,2263971.44
8,0.22,0.12000000000000001,0.02,0.12000000000000001,2264127.80
8,0.22,0.12000000000000001,0.02,0.22,2264127.80
8,0.22,0.12000000000000001,0.12000000000000001,0.02,2263971.44
8,0.22,0.12000000000000001,0.12000000000000001,0.12000000000000001,2264127.80
8,0.22,0.12000000000000001,0.12000000000000001,0.22,2264127.80
8,0.22,0.12000000000000001,0.22,0.02,2263593.30
8,0.22,0.12000000000000001,0.22,0.12000000000000001,2263749.66
8,0.22,0.12000000000000001,0.22,0.22,2263749.66
8,0.22,0.22,0.02,0.02,2263971.44
8,0.22,0.22,0.02,0.12000000000000001,2264127.80
8,0.22,0.22,0.02,0.22,2264127.80
8,0.22,0.22,0.12000000000000001,0.02,2263971.44
8,0.22,0.22,0.12000000000000001,0.12000000000000001,2264127.80
8,0.22,0.22,0.12000000000000001,0.22,2264127.80
8,0.22,0.22,0.22,0.02,2263473.02
8,0.22,0.22,0.22,0.12000000000000001,2263629.38
8,0.22,0.22,0.22,0.22,2263629.38
9,0.02,0.02,0.02,0.02,2261326.00
9,0.02,0.02,0.02,0.12000000000000001,2261326.00
9,0.02,0.02,0.02,0.22,2262420.18
9,0.02,0.02,0.12000000000000001,0.02,2261326.00
9,0.02,0.02,0.12000000000000001,0.12000000000000001,2261326.00
9,0.02,0.02,0.12000000000000001,0.22,2262420.18
9,0.02,0.02,0.22,0.02,2261326.00
9,0.02,0.02,0.22,0.12000000000000001,2261326.00
9,0.02,0.02,0.22,0.22,2262420.18
9,0.02,0.12000000000000001,0.02,0.02,2261326.00
9,0.02,0.12000000000000001,0.02,0.12000000000000001,2261326.00
9,0.02,0.12000000000000001,0.02,0.22,2262420.18
9,0.02,0.12000000000000001,0.12000000000000001,0.02,2261326.00
9,0.02,0.12000000000000001,0.12000000000000001,0.12000000000000001,2261326.00
9,0.02,0.12000000000000001,0.12000000000000001,0.22,2262420.18
9,0.02,0.12000000000000001,0.22,0.02,2261326.00
9,0.02,0.12000000000000001,0.22,0.12000000000000001,2261326.00
9,0.02,0.12000000000000001,0.22,0.22,2262420.18
9,0.02,0.22,0.02,0.02,2261326.00
9,0.02,0.22,0.02,0.12000000000000001,2261326.00
9,0.02,0.22,0.02,0.22,2262420.18
9,0.02,0.22,0.12000000000000001,0.02,2261326.00
9,0.02,0.22,0.12000000000000001,0.12000000000000001,2261326.00
9,0.02,0.22,0.12000000000000001,0.22,2262420.18
9,0.02,0.22,0.22,0.02,2261326.00
9,0.02,0.22,0.22,0.12000000000000001,2261326.00
9,0.02,0.22,0.22,0.22,2262420.18
9,0.12000000000000001,0.02,0.02,0.02,2261117.48
9,0.12000000000000001,0.02,0.02,0.12000000000000001,2261273.84
9,0.12000000000000001,0.02,0.02,0.22,2262368.02
9,0.12000000000000001,0.02,0.12000000000000001,0.02,2261117.48
9,0.12000000000000001,0.02,0.12000000000000001,0.12000000000000001,2261273.84
9,0.12000000000000001,0.02,0.12000000000000001,0.22,2262368.02
9,0.12000000000000001,0.02,0.22,0.02,2261117.48
9,0.12000000000000001,0.02,0.22,0.12000000000000001,2261273.84
9,0.12000000000000001,0.02,0.22,0.22,2262368.02
9,0.12000000000000001,0.12000000000000001,0.02,0.02,2261117.48
9,0.12000000000000001,0.12000000000000001,0.02,0.12000000000000001,2261273.84
9,0.12000000000000001,0.12000000000000001,0.02,0.22,2262368.02
9,0.12000000000000001,0.12000000000000001,0.12000000000000001,0.02,2261117.48
9,0.12000000000000001,0.12000000000000001,0.12000000000000001,0.12000000000000001,2261273.84
9,0.12000000000000001,0.12000000000000001,0.12000000000000001,0.22,2262368.02
9,0.12000000000000001,0.12000000000000001,0.22,0.02,2261117.48
9,0.12000000000000001,0.12000000000000001,0.22,0.12000000000000001,2261273.84
9,0.12000000000000001,0.12000000000000001,0.22,0.22,2262368.02
9,0.12000000000000001,0.22,0.02,0.02,2261117.48
9,0.12000000000000001,0.22,0.02,0.12000000000000001,2261273.84
9,0.12000000000000001,0.22,0.02,0.22,2262368.02
9,0.12000000000000001,0.22,0.12000000000000001,0.02,2261117.48
9,0.12000000000000001,0.22,0.12000000000000001,0.12000000000000001,2261273.84
9,0.12000000000000001,0.22,0.12000000000000001,0.22,2262368.02
9,0.12000000000000001,0.22,0.22,0.02,2261117.48
9,0.12000000000000001,0.22,0.22,0.12000000000000001,2261273.84
9,0.12000000000000001,0.22,0.22,0.22,2262368.02
9,0.22,0.02,0.02,0.02,2261117.48
9,0.22,0.02,0.02,0.12000000000000001,2261273.84
9,0.22,0.02,0.02,0.22,2261547.33
9,0.22,0.02,0.12000000000000001,0.02,2261117.48
9,0.22,0.02,0.12000000000000001,0.12000000000000001,2261273.84
9,0.22,0.02,0.12000000000000001,0.22,2261547.33
9,0.22,0.02,0.22,0.02,2261117.48
9,0.22,0.02,0.22,0.12000000000000001,2261273.84
9,0.22,0.02,0.22,0.22,2261547.33
9,0.22,0.12000000000000001,0.02,0.02,2261117.48
9,0.22,0.12000000000000001,0.02,0.12000000000000001,2261273.84
9,0.22,0.12000000000000001,0.02,0.22,2261547.33
9,0.22,0.12000000000000001,0.12000000000000001,0.02,2261117.48
9,0.22,0.12000000000000001,0.12000000000000001,0.12000000000000001,2261273.84
9,0.22,0.12000000000000001,0.12000000000000001,0.22,2261547.33
9,0.22,0.12000000000000001,0.22,0.02,2261117.48
9,0.22,0.12000000000000001,0.22,0.12000000000000001,2261273.84
9,0.22,0.12000000000000001,0.22,0.22,2261547.33
9,0.22,0.22,0.02,0.02,2261117.48
9,0.22,0.22,0.02,0.12000000000000001,2261273.84
9,0.22,0.22,0.02,0.22,2261547.33
9,0.22,0.22,0.12000000000000001,0.02,2261117.48
9,0.22,0.22,0.12000000000000001,0.12000000000000001,2261273.84
9,0.22,0.22,0.12000000000000001,0.22,2261547.33
9,0.22,0.22,0.22,0.02,2261117.48
9,0.22,0.22,0.22,0.12000000000000001,2261273.84
9,0.22,0.22,0.22,0.22,2261547.33
10,0.02,0.02,0.02,0.02,2260312.36
10,0.02,0.02,0.02,0.12000000000000001,2260312.36
10,0.02,0.02,0.02,0.22,2258302.50
10,0.02,0.02,0.12000000000000001,0.02,2260312.36
10,0.02,0.02,0.12000000000000001,0.12000000000000001,2260312.36
10,0.02,0.02,0.12000000000000001,0.22,2258302.50
10,0.02,0.02,0.22,0.02,2260312.36
10,0.02,0.02,0.22,0.12000000000000001,2260312.36
10,0.02,0.02,0.22,0.22,2258302.50
10,0.02,0.12000000000000001,0.02,0.02,2260312.36
10,0.02,0.12000000000000001,0.02,0.12000000000000001,2260312.36
10,0.02,0.12000000000000001,0.02,0.22,2258302.50
10,0.02,0.12000000000000001,0.12000000000000001,0.02,2260312.36
10,0.02,0.12000000000000001,0.12000000000000001,0.12000000000000001,2260312.36
10,0.02,0.12000000000000001,0.12000000000000001,0.22,2258302.50
10,0.02,0.12000000000000001,0.22,0.02,2260312.36
10,0.02,0.12000000000000001,0.22,0.12000000000000001,2260312.36
10,0.02,0.12000000000000001,0.22,0.22,2258302.50
10,0.02,0.22,0.02,0.02,2260312.36
10,0.02,0.22,0.02,0.12000000000000001,2260432.60
10,0.02,0.22,0.02,0.22,2258422.74
10,0.02,0.22,0.12000000000000001,0.02,2260312.36
10,0.02,0.22,0.12000000000000001,0.12000000000000001,2260432.60
10,0.02,0.22,0.12000000000000001,0.22,2258422.74
10,0.02,0.22,0.22,0.02,2260312.36
10,0.02,0.22,0.22,0.12000000000000001,2260432.60
10,0.02,0.22,0.22,0.22,2258422.74
10,0.12000000000000001,0.02,0.02,0.02,2260312.36
10,0.12000000000000001,0.02,0.02,0.12000000000000001,2260312.36
10,0.12000000000000001,0.02,0.02,0.22,2259194.87
10,0.12000000000000001,0.02,0.12000000000000001,0.02,2260312.36
10,0.12000000000000001,0.02,0.12000000000000001,0.12000000000000001,2260312.36
10,0.12000000000000001,0.02,0.12000000000000001,0.22,2259194.87
10,0.12000000000000001,0.02,0.22,0.02,2260312.36
10,0.12000000000000001,0.02,0.22,0.12000000000000001,2260312.36
10,0.12000000000000001,0.02,0.22,0.22,2259194.87
10,0.12000000000000001,0.12000000000000001,0.02,0.02,2260312.36
10,0.12000000000000001,0.12000000000000001,0.02,0.12000000000000001,2260312.36
10,0.12000000000000001,0.12000000000000001,0.02,0.22,2259194.87
10,0.12000000000000001,0.12000000000000001,0.12000000000000001,0.02,2260312.36
10,0.12000000000000001,0.12000000000000001,0.12000000000000001,0.12000000000000001,2260312.36
10,0.12000000000000001,0.12000000000000001,0.12000000000000001,0.22,2259194.87
10,0.12000000000000001,0.12000000000000001,0.22,0.02,2260312.36
10,0.12000000000000001,0.12000000000000001,0.22,0.12000000000000001,2260312.36
10,0.12000000000000001,0.12000000000000001,0.22,0.22,2259194.87
10,0.12000000000000001,0.22,0.02,0.02,2260312.36
10,0.12000000000000001,0.22,0.02,0.12000000000000001,2260432.60
10,0.12000000000000001,0.22,0.02,0.22,2259315.11
10,0.12000000000000001,0.22,0.12000000000000001,0.02,2260312.36
10,0.12000000000000001,0.22,0.12000000000000001,0.12000000000000001,2260432.60
10,0.12000000000000001,0.22,0.12000000000000001,0.22,2259315.11
10,0.12000000000000001,0.22,0.22,0.02,2260312.36
10,0.12000000000000001,0.22,0.22,0.12000000000000001,2260432.60
10,0.12000000000000001,0.22,0.22,0.22,2259315.11
10,0.22,0.02,0.02,0.02,2260312.36
10,0.22,0.02,0.02,0.12000000000000001,2260312.36
10,0.22,0.02,0.02,0.22,2259194.87
10,0.22,0.02,0.12000000000000001,0.02,2260260.20
10,0.22,0.02,0.12000000000000001,0.12000000000000001,2260260.20
10,0.22,0.02,0.12000000000000001,0.22,2259142.71
10,0.22,0.02,0.22,0.02,2260260.20
10,0.22,0.02,0.22,0.12000000000000001,2260260.20
10,0.22,0.02,0.22,0.22,2259142.71
10,0.22,0.12000000000000001,0.02,0.02,2260312.36
10,0.22,0.12000000000000001,0.02,0.12000000000000001,2260312.36
10,0.22,0.12000000000000001,0.02,0.22,2259194.87
10,0.22,0.12000000000000001,0.12000000000000001,0.02,2260260.20
10,0.22,0.12000000000000001,0.12000000000000001,0.12000000000000001,2260260.20
10,0.22,0.12000000000000001,0.12000000000000001,0.22,2259142.71
10,0.22,0.12000000000000001,0.22,0.02,2260260.20
10,0.22,0.12000000000000001,0.22,0.12000000000000001,2260260.20
10,0.22,0.12000000000000001,0.22,0.22,2259142.71
10,0.22,0.22,0.02,0.02,2260312.36
10,0.22,0.22,0.02,0.12000000000000001,2260432.60
10,0.22,0.22,0.02,0.22,2259315.11
10,0.22,0.22,0.12000000000000001,0.02,2260260.20
10,0.22,0.22,0.12000000000000001,0.12000000000000001,2260380.44
10,0.22,0.22,0.12000000000000001,0.22,2259262.95
10,0.22,0.22,0.22,0.02,2260260.20
10,0.22,0.22,0.22,0.12000000000000001,2260380.44
10,0.22,0.22,0.22,0.22,2259262.95
11,0.02,0.02,0.02,0.02,2258736.22
11,0.02,0.02,0.02,0.12000000000000001,2258736.22
11,0.02,0.02,0.02,0.22,2258736.22
11,0.02,0.02,0.12000000000000001,0.02,2259492.46
11,0.02,0.02,0.12000000000000001,0.12000000000000001,2259492.46
11,0.02,0.02,0.12000000000000001,0.22,2259492.46
11,0.02,0.02,0.22,0.02,2258774.42
11,0.02,0.02,0.22,0.12000000000000001,2258774.42
11,0.02,0.02,0.22,0.22,2258774.42
11,0.02,0.12000000000000001,0.02,0.02,2258736.22
11,0.02,0.12000000000000001,0.02,0.12000000000000001,2258736.22
11,0.02,0.12000000000000001,0.02,0.22,2258736.22
11,0.02,0.12000000000000001,0.12000000000000001,0.02,2258925.30
11,0.02,0.12000000000000001,0.12000000000000001,0.12000000000000001,2258925.30
11,0.02,0.12000000000000001,0.12000000000000001,0.22,2258925.30
11,0.02,0.12000000000000001,0.22,0.02,2258386.76
11,0.02,0.12000000000000001,0.22,0.12000000000000001,2258386.76
11,0.02,0.12000000000000001,0.22,0.22,2258386.76
11,0.02,0.22,0.02,0.02,2258736.22
11,0.02,0.22,0.02,0.12000000000000001,2258736.22
11,0.02,0.22,0.02,0.22,2258661.53
11,0.02,0.22,0.12000000000000001,0.02,2258925.30
11,0.02,0.22,0.12000000000000001,0.12000000000000001,2258925.30
11,0.02,0.22,0.12000000000000001,0.22,2258850.61
11,0.02,0.22,0.22,0.02,2258386.76
11,0.02,0.22,0.22,0.12000000000000001,2258386.76
11,0.02,0.22,0.22,0.22,2258312.07
11,0.12000000000000001,0.02,0.02,0.02,2258736.22
11,0.12000000000000001,0.02,0.02,0.12000000000000001,2258736.22
11,0.12000000000000001,0.02,0.02,0.22,2258736.22
11,0.12000000000000001,0.02,0.12000000000000001,0.02,2259492.46
11,0.12000000000000001,0.02,0.12000000000000001,0.12000000000000001,2259492.46
11,0.12000000000000001,0.02,0.12000000000000001,0.22,2259492.46
11,0.12000000000000001,0.02,0.22,0.02,2258774.42
11,0.12000000000000001,0.02,0.22,0.12000000000000001,2258774.42
11,0.12000000000000001,0.02,0.22,0.22,2258774.42
11,0.12000000000000001,0.12000000000000001,0.02,0.02,2258736.22
11,0.12000000000000001,0.12000000000000001,0.02,0.12000000000000001,2258736.22
11,0.12000000000000001,0.12000000000000001,0.02,0.22,2258736.22
11,0.12000000000000001,0.12000000000000001,0.12000000000000001,0.02,2258925.30
11,0.12000000000000001,0.12000000000000001,0.12000000000000001,0.12000000000000001,2258925.30
11,0.12000000000000001,0.12000000000000001,0.12000000000000001,0.22,2258925.30
11,0.12000000000000001,0.12000000000000001,0.22,0.02,2258386.76
11,0.12000000000000001,0.12000000000000001,0.22,0.12000000000000001,2258386.76
11,0.12000000000000001,0.12000000000000001,0.22,0.22,2258386.76
11,0.12000000000000001,0.22,0.02,0.02,2258736.22
11,0.12000000000000001,0.22,0.02,0.12000000000000001,2258736.22
11,0.12000000000000001,0.22,0.02,0.22,2258661.53
11,0.12000000000000001,0.22,0.12000000000000001,0.02,2258925.30
11,0.12000000000000001,0.22,0.12000000000000001,0.12000000000000001,2258925.30
11,0.12000000000000001,0.22,0.12000000000000001,0.22,2258850.61
11,0.12000000000000001,0.22,0.22,0.02,2258386.76
11,0.12000000000000001,0.22,0.22,0.12000000000000001,2258386.76
11,0.12000000000000001,0.22,0.22,0.22,2258312.07
11,0.22,0.02,0.02,0.02,2259200.28
11,0.22,0.02,0.02,0.12000000000000001,2259200.28
11,0.22,0.02,0.02,0.22,2258949.62
11,0.22,0.02,0.12000000000000001,0.02,2259956.52
11,0.22,0.02,0.12000000000000001,0.12000000000000001,2259956.52
11,0.22,0.02,0.12000000000000001,0.22,2259705.86
11,0.22,0.02,0.22,0.02,2259238.48
11,0.22,0.02,0.22,0.12000000000000001,2259238.48
11,0.22,0.02,0.22,0.22,2258987.82
11,0.22,0.12000000000000001,0.02,0.02,2259200.28
11,0.22,0.12000000000000001,0.02,0.12000000000000001,2259200.28
11,0.22,0.12000000000000001,0.02,0.22,2258949.62
11,0.22,0.12000000000000001,0.12000000000000001,0.02,2259389.36
11,0.22,0.12000000000000001,0.12000000000000001,0.12000000000000001,2259389.36
11,0.22,0.12000000000000001,0.12000000000000001,0.22,2259138.70
11,0.22,0.12000000000000001,0.22,0.02,2258850.82
11,0.22,0.12000000000000001,0.22,0.12000000000000001,2258850.82
11,0.22,0.12000000000000001,0.22,0.22,2258600.16
11,0.22,0.22,0.02,0.02,2259200.28
11,0.22,0.22,0.02,0.12000000000000001,2259200.28
11,0.22,0.22,0.02,0.22,2258874.93
11,0.22,0.22,0.12000000000000001,0.02,2259389.36
11,0.22,0.22,0.12000000000000001,0.12000000000000001,2259389.36
11,0.22,0.22,0.12000000000000001,0.22,2259064.01
11,0.22,0.22,0.22,0.02,2258850.82
11,0.22,0.22,0.22,0.12000000000000001,2258850.82
11,0.22,0.22,0.22,0.22,2258525.47
12,0.02,0.02,0.02,0.02,2257178.03
12,0.02,0.02,0.02,0.12000000000000001,2257178.03
12,0.02,0.02,0.02,0.22,2257178.03
12,0.02,0.02,0.12000000000000001,0.02,2257178.03
12,0.02,0.02,0.12000000000000001,0.12000000000000001,2257178.03
12,0.02,0.02,0.12000000000000001,0.22,2257178.03
12,0.02,0.02,0.22,0.02,2256459.99
12,0.02,0.02,0.22,0.12000000000000001,2256459.99
12,0.02,0.02,0.22,0.22,2256459.99
12,0.02,0.12000000000000001,0.02,0.02,2257178.03
12,0.02,0.12000000000000001,0.02,0.12000000000000001,2257178.03
12,0.02,0.12000000000000001,0.02,0.22,2257178.03
12,0.02,0.12000000000000001,0.12000000000000001,0.02,2257178.03
12,0.02,0.12000000000000001,0.12000000000000001,0.12000000000000001,2257178.03
12,0.02,0.12000000000000001,0.12000000000000001,0.22,2257178.03
12,0.02,0.12000000000000001,0.22,0.02,2256639.49
12,0.02,0.12000000000000001,0.22,0.12000000000000001,2256639.49
12,0.02,0.12000000000000001,0.22,0.22,2256639.49
12,0.02,0.22,0.02,0.02,2257417.75
12,0.02,0.22,0.02,0.12000000000000001,2256832.93
12,0.02,0.22,0.02,0.22,2256265.77
12,0.02,0.22,0.12000000000000001,0.02,2257417.75
12,0.02,0.22,0.12000000000000001,0.12000000000000001,2256832.93
12,0.02,0.22,0.12000000000000001,0.22,2256265.77
12,0.02,0.22,0.22,0.02,2256879.21
12,0.02,0.22,0.22,0.12000000000000001,2256294.39
12,0.02,0.22,0.22,0.22,2255727.23
12,0.12000000000000001,0.02,0.02,0.02,2257178.03
12,0.12000000000000001,0.02,0.02,0.12000000000000001,2257178.03
12,0.12000000000000001,0.02,0.02,0.22,2257178.03
12,0.12000000000000001,0.02,0.12000000000000001,0.02,2257178.03
12,0.12000000000000001,0.02,0.12000000000000001,0.12000000000000001,2257178.03
12,0.12000000000000001,0.02,0.12000000000000001,0.22,2257178.03
12,0.12000000000000001,0.02,0.22,0.02,2256459.99
12,0.12000000000000001,0.02,0.22,0.12000000000000001,2256459.99
12,0.12000000000000001,0.02,0.22,0.22,2256459.99
12,0.12000000000000001,0.12000000000000001,0.02,0.02,2257178.03
12,0.12000000000000001,0.12000000000000001,0.02,0.12000000000000001,2257178.03
12,0.12000000000000001,0.12000000000000001,0.02,0.22,2257178.03
12,0.12000000000000001,0.12000000000000001,0.12000000000000001,0.02,2257178.03
12,0.12000000000000001,0.12000000000000001,0.12000000000000001,0.12000000000000001,2257178.03
12,0.12000000000000001,0.12000000000000001,0.12000000000000001,0.22,2257178.03
12,0.12000000000000001,0.12000000000000001,0.22,0.02,2256639.49
12,0.12000000000000001,0.12000000000000001,0.22,0.12000000000000001,2256639.49
12,0.12000000000000001,0.12000000000000001,0.22,0.22,2256639.49
12,0.12000000000000001,0.22,0.02,0.02,2257417.75
12,0.12000000000000001,0.22,0.02,0.12000000000000001,2256832.93
12,0.12000000000000001,0.22,0.02,0.22,2256265.77
12,0.12000000000000001,0.22,0.12000000000000001,0.02,2257417.75
12,0.12000000000000001,0.22,0.12000000000000001,0.12000000000000001,2256832.93
12,0.12000000000000001,0.22,0.12000000000000001,0.22,2256265.77
12,0.12000000000000001,0.22,0.22,0.02,2256879.21
12,0.12000000000000001,0.22,0.22,0.12000000000000001,2256294.39
12,0.12000000000000001,0.22,0.22,0.22,2255727.23
12,0.22,0.02,0.02,0.02,2257178.03
12,0.22,0.02,0.02,0.12000000000000001,2257178.03
12,0.22,0.02,0.02,0.22,2257178.03
12,0.22,0.02,0.12000000000000001,0.02,2257178.03
12,0.22,0.02,0.12000000000000001,0.12000000000000001,2257178.03
12,0.22,0.02,0.12000000000000001,0.22,2257178.03
12,0.22,0.02,0.22,0.02,2256407.83
12,0.22,0.02,0.22,0.12000000000000001,2256407.83
12,0.22,0.02,0.22,0.22,2256407.83
12,0.22,0.12000000000000001,0.02,0.02,2257178.03
12,0.22,0.12000000000000001,0.02,0.12000000000000001,2257178.03
12,0.22,0.12000000000000001,0.02,0.22,2257178.03
12,0.22,0.12000000000000001,0.12000000000000001,0.02,2257178.03
12,0.22,0.12000000000000001,0.12000000000000001,0.12000000000000001,2257178.03
12,0.22,0.12000000000000001,0.12000000000000001,0.22,2257178.03
12,0.22,0.12000000000000001,0.22,0.02,2256587.33
12,0.22,0.12000000000000001,0.22,0.12000000000000001,2256587.33
12,0.22,0.12000000000000001,0.22,0.22,2256587.33
12,0.22,0.22,0.02,0.02,2257417.75
12,0.22,0.22,0.02,0.12000000000000001,2256832.93
12,0.22,0.22,0.02,0.22,2256265.77
12,0.22,0.22,0.12000000000000001,0.02,2257417.75
12,0.22,0.22,0.12000000000000001,0.12000000000000001,2256832.93
12,0.22,0.22,0.12000000000000001,0.22,2256265.77
12,0.22,0.22,0.22,0.02,2256827.05
12,0.22,0.22,0.22,0.12000000000000001,2256242.23
12,0.22,0.22,0.22,0.22,2255675.07
13,0.02,0.02,0.02,0.02,2248040.00
13,0.02,0.02,0.02,0.12000000000000001,2248040.00
13,0.02,0.02,0.02,0.22,2248040.00
13,0.02,0.02,0.12000000000000001,0.02,2247321.96
13,0.02,0.02,0.12000000000000001,0.12000000000000001,2247321.96
13,0.02,0.02,0.12000000000000001,0.22,2247321.96
13,0.02,0.02,0.22,0.02,2247321.96
13,0.02,0.02,0.22,0.12000000000000001,2247321.96
13,0.02,0.02,0.22,0.22,2247321.96
13,0.02,0.12000000000000001,0.02,0.02,2248040.00
13,0.02,0.12000000000000001,0.02,0.12000000000000001,2248040.00
13,0.02,0.12000000000000001,0.02,0.22,2247117.44
13,0.02,0.12000000000000001,0.12000000000000001,0.02,2247501.46
13,0.02,0.12000000000000001,0.12000000000000001,0.12000000000000001,2247501.46
13,0.02,0.12000000000000001,0.12000000000000001,0.22,2246578.90
13,0.02,0.12000000000000001,0.22,0.02,2247501.46
13,0.02,0.12000000000000001,0.22,0.12000000000000001,2247501.46
13,0.02,0.12000000000000001,0.22,0.22,2246578.90
13,0.02,0.22,0.02,0.02,2247260.22
13,0.02,0.22,0.02,0.12000000000000001,2247260.22
13,0.02,0.22,0.02,0.22,2246337.66
13,0.02,0.22,0.12000000000000001,0.02,2247306.53
13,0.02,0.22,0.12000000000000001,0.12000000000000001,2247306.53
13,0.02,0.22,0.12000000000000001,0.22,2246383.97
13,0.02,0.22,0.22,0.02,2247306.53
13,0.02,0.22,0.22,0.12000000000000001,2247306.53
13,0.02,0.22,0.22,0.22,2246383.97
13,0.12000000000000001,0.02,0.02,0.02,2248796.24
13,0.12000000000000001,0.02,0.02,0.12000000000000001,2248229.08
13,0.12000000000000001,0.02,0.02,0.22,2248229.08
13,0.12000000000000001,0.02,0.12000000000000001,0.02,2247998.24
13,0.12000000000000001,0.02,0.12000000000000001,0.12000000000000001,2247431.08
13,0.12000000000000001,0.02,0.12000000000000001,0.22,2247431.08
13,0.12000000000000001,0.02,0.22,0.02,2247998.24
13,0.12000000000000001,0.02,0.22,0.12000000000000001,2247431.08
13,0.12000000000000001,0.02,0.22,0.22,2247431.08
13,0.12000000000000001,0.12000000000000001,0.02,0.02,2248796.24
13,0.12000000000000001,0.12000000000000001,0.02,0.12000000000000001,2248229.08
13,0.12000000000000001,0.12000000000000001,0.02,0.22,2247306.52
13,0.12000000000000001,0.12000000000000001,0.12000000000000001,0.02,2248177.74
13,0.12000000000000001,0.12000000000000001,0.12000000000000001,0.12000000000000001,2247610.58
13,0.12000000000000001,0.12000000000000001,0.12000000000000001,0.22,2246688.02
13,0.12000000000000001,0.12000000000000001,0.22,0.02,2248177.74
13,0.12000000000000001,0.12000000000000001,0.22,0.12000000000000001,2247610.58
13,0.12000000000000001,0.12000000000000001,0.22,0.22,2246688.02
13,0.12000000000000001,0.22,0.02,0.02,2248016.46
13,0.12000000000000001,0.22,0.02,0.12000000000000001,2247449.30
13,0.12000000000000001,0.22,0.02,0.22,2246526.74
13,0.12000000000000001,0.22,0.12000000000000001,0.02,2247982.81
13,0.12000000000000001,0.22,0.12000000000000001,0.12000000000000001,2247415.65
13,0.12000000000000001,0.22,0.12000000000000001,0.22,2246493.09
13,0.12000000000000001,0.22,0.22,0.02,2247982.81
13,0.12000000000000001,0.22,0.22,0.12000000000000001,2247415.65
13,0.12000000000000001,0.22,0.22,0.22,2246493.09
13,0.22,0.02,0.02,0.02,2250366.94
13,0.22,0.02,0.02,0.12000000000000001,2249799.78
13,0.22,0.02,0.02,0.22,2248621.80
13,0.22,0.02,0.12000000000000001,0.02,2249568.94
13,0.22,0.02,0.12000000000000001,0.12000000000000001,2249001.78
13,0.22,0.02,0.12000000000000001,0.22,2247823.80
13,0.22,0.02,0.22,0.02,2249516.78
13,0.22,0.02,0.22,0.12000000000000001,2248949.62
13,0.22,0.02,0.22,0.22,2247771.64
13,0.22,0.12000000000000001,0.02,0.02,2250366.94
13,0.22,0.12000000000000001,0.02,0.12000000000000001,2249799.78
13,0.22,0.12000000000000001,0.02,0.22,2247699.24
13,0.22,0.12000000000000001,0.12000000000000001,0.02,2249748.44
13,0.22,0.12000000000000001,0.12000000000000001,0.12000000000000001,2249181.28
13,0.22,0.12000000000000001,0.12000000000000001,0.22,2247080.74
13,0.22,0.12000000000000001,0.22,0.02,2249696.28
13,0.22,0.12000000000000001,0.22,0.12000000000000001,2249129.12
13,0.22,0.12000000000000001,0.22,0.22,2247028.58
13,0.22,0.22,0.02,0.02,2249587.16
13,0.22,0.22,0.02,0.12000000000000001,2249020.00
13,0.22,0.22,0.02,0.22,2246919.46
13,0.22,0.22,0.12000000000000001,0.02,2249553.51
13,0.22,0.22,0.12000000000000001,0.12000000000000001,2248986.35
13,0.22,0.22,0.12000000000000001,0.22,2246885.81
13,0.22,0.22,0.22,0.02,2249501.35
13,0.22,0.22,0.22,0.12000000000000001,2248934.19
13,0.22,0.22,0.22,0.22,2246833.65
14,0.02,0.02,0.02,0.02,2253514.04
14,0.02,0.02,0.02,0.12000000000000001,2252757.80
14,0.02,0.02,0.02,0.22,2252757.80
14,0.02,0.02,0.12000000000000001,0.02,2253514.04
14,0.02,0.02,0.12000000000000001,0.12000000000000001,2252757.80
14,0.02,0.02,0.12000000000000001,0.22,2252757.80
14,0.02,0.02,0.22,0.02,2252796.00
14,0.02,0.02,0.22,0.12000000000000001,2252039.76
14,0.02,0.02,0.22,0.22,2252039.76
14,0.02,0.12000000000000001,0.02,0.02,2253514.04
14,0.02,0.12000000000000001,0.02,0.12000000000000001,2252757.80
14,0.02,0.12000000000000001,0.02,0.22,2251835.24
14,0.02,0.12000000000000001,0.12000000000000001,0.02,2253514.04
14,0.02,0.12000000000000001,0.12000000000000001,0.12000000000000001,2252757.80
14,0.02,0.12000000000000001,0.12000000000000001,0.22,2251835.24
14,0.02,0.12000000000000001,0.22,0.02,2252975.50
14,0.02,0.12000000000000001,0.22,0.12000000000000001,2252219.26
14,0.02,0.12000000000000001,0.22,0.22,2251296.70
14,0.02,0.22,0.02,0.02,2253514.04
14,0.02,0.22,0.02,0.12000000000000001,2252757.80
14,0.02,0.22,0.02,0.22,2251835.24
14,0.02,0.22,0.12000000000000001,0.02,2253514.04
14,0.02,0.22,0.12000000000000001,0.12000000000000001,2252757.80
14,0.02,0.22,0.12000000000000001,0.22,2251835.24
14,0.02,0.22,0.22,0.02,2252975.50
14,0.02,0.22,0.22,0.12000000000000001,2252219.26
14,0.02,0.22,0.22,0.22,2251296.70
14,0.12000000000000001,0.02,0.02,0.02,2253194.36
14,0.12000000000000001,0.02,0.02,0.12000000000000001,2252866.92
14,0.12000000000000001,0.02,0.02,0.22,2252866.92
14,0.12000000000000001,0.02,0.12000000000000001,0.02,2253194.36
14,0.12000000000000001,0.02,0.12000000000000001,0.12000000000000001,2252866.92
14,0.12000000000000001,0.02,0.12000000000000001,0.22,2252866.92
14,0.12000000000000001,0.02,0.22,0.02,2252476.32
14,0.12000000000000001,0.02,0.22,0.12000000000000001,2252148.88
14,0.12000000000000001,0.02,0.22,0.22,2252148.88
14,0.12000000000000001,0.12000000000000001,0.02,0.02,2253194.36
14,0.12000000000000001,0.12000000000000001,0.02,0.12000000000000001,2252866.92
14,0.12000000000000001,0.12000000000000001,0.02,0.22,2251944.36
14,0.12000000000000001,0.12000000000000001,0.12000000000000001,0.02,2253194.36
14,0.12000000000000001,0.12000000000000001,0.12000000000000001,0.12000000000000001,2252866.92
14,0.12000000000000001,0.12000000000000001,0.12000000000000001,0.22,2251944.36
14,0.12000000000000001,0.12000000000000001,0.22,0.02,2252655.82
14,0.12000000000000001,0.12000000000000001,0.22,0.12000000000000001,2252328.38
14,0.12000000000000001,0.12000000000000001,0.22,0.22,2251405.82
14,0.12000000000000001,0.22,0.02,0.02,2253194.36
14,0.12000000000000001,0.22,0.02,0.12000000000000001,2252866.92
14,0.12000000000000001,0.22,0.02,0.22,2251944.36
14,0.12000000000000001,0.22,0.12000000000000001,0.02,2253194.36
14,0.12000000000000001,0.22,0.12000000000000001,0.12000000000000001,2252866.92
14,0.12000000000000001,0.22,0.12000000000000001,0.22,2251944.36
14,0.12000000000000001,0.22,0.22,0.02,2252655.82
14,0.12000000000000001,0.22,0.22,0.12000000000000001,2252328.38
14,0.12000000000000001,0.22,0.22,0.22,2251405.82
14,0.22,0.02,0.02,0.02,2254765.06
14,0.22,0.02,0.02,0.12000000000000001,2254437.62
14,0.22,0.02,0.02,0.22,2253259.64
14,0.22,0.02,0.12000000000000001,0.02,2254765.06
14,0.22,0.02,0.12000000000000001,0.12000000000000001,2254437.62
14,0.22,0.02,0.12000000000000001,0.22,2253259.64
14,0.22,0.02,0.22,0.02,2254047.02
14,0.22,0.02,0.22,0.12000000000000001,2253719.58
14,0.22,0.02,0.22,0.22,2252541.60
14,0.22,0.12000000000000001,0.02,0.02,2254765.06
14,0.22,0.12000000000000001,0.02,0.12000000000000001,2254437.62
14,0.22,0.12000000000000001,0.02,0.22,2252337.08
14,0.22,0.12000000000000001,0.12000000000000001,0.02,2254765.06
14,0.22,0.12000000000000001,0.12000000000000001,0.12000000000000001,2254437.62
14,0.22,0.12000000000000001,0.12000000000000001,0.22,2252337.08
14,0.22,0.12000000000000001,0.22,0.02,2254226.52
14,0.22,0.12000000000000001,0.22,0.12000000000000001,2253899.08
14,0.22,0.12000000000000001,0.22,0.22,2251798.54
14,0.22,0.22,0.02,0.02,2254765.06
14,0.22,0.22,0.02,0.12000000000000001,2254437.62
14,0.22,0.22,0.02,0.22,2252337.08
14,0.22,0.22,0.12000000000000001,0.02,2254765.06
14,0.22,0.22,0.12000000000000001,0.12000000000000001,2254437.62
14,0.22,0.22,0.12000000000000001,0.22,2252337.08
14,0.22,0.22,0.22,0.02,2254226.52
14,0.22,0.22,0.22,0.12000000000000001,2253899.08
14,0.22,0.22,0.22,0.22,2251798.54
15,0.02,0.02,0.02,0.02,2247554.18
15,0.02,0.02,0.02,0.12000000000000001,2245875.38
15,0.02,0.02,0.02,0.22,2245875.38
15,0.02,0.02,0.12000000000000001,0.02,2247554.18
15,0.02,0.02,0.12000000000000001,0.12000000000000001,2245875.38
15,0.02,0.02,0.12000000000000001,0.22,2245875.38
15,0.02,0.02,0.22,0.02,2247554.18
15,0.02,0.02,0.22,0.12000000000000001,2245875.38
15,0.02,0.02,0.22,0.22,2245875.38
15,0.02,0.12000000000000001,0.02,0.02,2247554.18
15,0.02,0.12000000000000001,0.02,0.12000000000000001,2245875.38
15,0.02,0.12000000000000001,0.02,0.22,2245875.38
15,0.02,0.12000000000000001,0.12000000000000001,0.02,2247554.18
15,0.02,0.12000000000000001,0.12000000000000001,0.12000000000000001,2245875.38
15,0.02,0.12000000000000001,0.12000000000000001,0.22,2245875.38
15,0.02,0.12000000000000001,0.22,0.02,2247554.18
15,0.02,0.12000000000000001,0.22,0.12000000000000001,2245875.38
15,0.02,0.12000000000000001,0.22,0.22,2245875.38
15,0.02,0.22,0.02,0.02,2247554.18
15,0.02,0.22,0.02,0.12000000000000001,2244077.68
15,0.02,0.22,0.02,0.22,2244077.68
15,0.02,0.22,0.12000000000000001,0.02,2247554.18
15,0.02,0.22,0.12000000000000001,0.12000000000000001,2244077.68
15,0.02,0.22,0.12000000000000001,0.22,2244077.68
15,0.02,0.22,0.22,0.02,2247554.18
15,0.02,0.22,0.22,0.12000000000000001,2244077.68
15,0.02,0.22,0.22,0.22,2244077.68
15,0.12000000000000001,0.02,0.02,0.02,2247234.50
15,0.12000000000000001,0.02,0.02,0.12000000000000001,2245984.50
15,0.12000000000000001,0.02,0.02,0.22,2245984.50
15,0.12000000000000001,0.02,0.12000000000000001,0.02,2247234.50
15,0.12000000000000001,0.02,0.12000000000000001,0.12000000000000001,2245984.50
15,0.12000000000000001,0.02,0.12000000000000001,0.22,2245984.50
15,0.12000000000000001,0.02,0.22,0.02,2247234.50
15,0.12000000000000001,0.02,0.22,0.12000000000000001,2245984.50
15,0.12000000000000001,0.02,0.22,0.22,2245984.50
15,0.12000000000000001,0.12000000000000001,0.02,0.02,2247234.50
15,0.12000000000000001,0.12000000000000001,0.02,0.12000000000000001,2245984.50
15,0.12000000000000001,0.12000000000000001,0.02,0.22,2245984.50
15,0.12000000000000001,0.12000000000000001,0.12000000000000001,0.02,2247234.50
15,0.12000000000000001,0.12000000000000001,0.12000000000000001,0.12000000000000001,2245984.50
15,0.12000000000000001,0.12000000000000001,0.12000000000000001,0.22,2245984.50
15,0.12000000000000001,0.12000000000000001,0.22,0.02,2247234.50
15,0.12000000000000001,0.12000000000000001,0.22,0.12000000000000001,2245984.50
15,0.12000000000000001,0.12000000000000001,0.22,0.22,2245984.50
15,0.12000000000000001,0.22,0.02,0.02,2247234.50
15,0.12000000000000001,0.22,0.02,0.12000000000000001,2244186.80
15,0.12000000000000001,0.22,0.02,0.22,2244186.80
15,0.12000000000000001,0.22,0.12000000000000001,0.02,2247234.50
15,0.12000000000000001,0.22,0.12000000000000001,0.12000000000000001,2244186.80
15,0.12000000000000001,0.22,0.12000000000000001,0.22,2244186.80
15,0.12000000000000001,0.22,0.22,0.02,2247234.50
15,0.12000000000000001,0.22,0.22,0.12000000000000001,2244186.80
15,0.12000000000000001,0.22,0.22,0.22,2244186.80
15,0.22,0.02,0.02,0.02,2247234.50
15,0.22,0.02,0.02,0.12000000000000001,2245984.50
15,0.22,0.02,0.02,0.22,2245984.50
15,0.22,0.02,0.12000000000000001,0.02,2247234.50
15,0.22,0.02,0.12000000000000001,0.12000000000000001,2245984.50
15,0.22,0.02,0.12000000000000001,0.22,2245984.50
15,0.22,0.02,0.22,0.02,2247234.50
15,0.22,0.02,0.22,0.12000000000000001,2245984.50
15,0.22,0.02,0.22,0.22,2245984.50
15,0.22,0.12000000000000001,0.02,0.02,2247234.50
15,0.22,0.12000000000000001,0.02,0.12000000000000001,2245984.50
15,0.22,0.12000000000000001,0.02,0.22,2245984.50
15,0.22,0.12000000000000001,0.12000000000000001,0.02,2247234.50
15,0.22,0.12000000000000001,0.12000000000000001,0.12000000000000001,2245984.50
15,0.22,0.12000000000000001,0.12000000000000001,0.22,2245984.50
15,0.22,0.12000000000000001,0.22,0.02,2247234.50
15,0.22,0.12000000000000001,0.22,0.12000000000000001,2245984.50
15,0.22,0.12000000000000001,0.22,0.22,2245984.50
15,0.22,0.22,0.02,0.02,2247234.50
15,0.22,0.22,0.02,0.12000000000000001,2244186.80
15,0.22,0.22,0.02,0.22,2244186.80
15,0.22,0.22,0.12000000000000001,0.02,2247234.50
15,0.22,0.22,0.12000000000000001,0.12000000000000001,2244186.80
15,0.22,0.22,0.12000000000000001,0.22,2244186.80
15,0.22,0.22,0.22,0.02,2247234.50
15,0.22,0.22,0.22,0.12000000000000001,2244186.80
15,0.22,0.22,0.22,0.22,2244186.80
16,0.02,0.02,0.02,0.02,2246367.43
16,0.02,0.02,0.02,0.12000000000000001,2246367.43
16,0.02,0.02,0.02,0.22,2246367.43
16,0.02,0.02,0.12000000000000001,0.02,2246367.43
16,0.02,0.02,0.12000000000000001,0.12000000000000001,2246367.43
16,0.02,0.02,0.12000000000000001,0.22,2246367.43
16,0.02,0.02,0.22,0.02,2246367.43
16,0.02,0.02,0.22,0.12000000000000001,2246367.43
16,0.02,0.02,0.22,0.22,2246367.43
16,0.02,0.12000000000000001,0.02,0.02,2246367.43
16,0.02,0.12000000000000001,0.02,0.12000000000000001,2246367.43
16,0.02,0.12000000000000001,0.02,0.22,2246367.43
16,0.02,0.12000000000000001,0.12000000000000001,0.02,2246367.43
16,0.02,0.12000000000000001,0.12000000000000001,0.12000000000000001,2246367.43
16,0.02,0.12000000000000001,0.12000000000000001,0.22,2246367.43
16,0.02,0.12000000000000001,0.22,0.02,2246367.43
16,0.02,0.12000000000000001,0.22,0.12000000000000001,2246367.43
16,0.02,0.12000000000000001,0.22,0.22,2246367.43
16,0.02,0.22,0.02,0.02,2246367.43
16,0.02,0.22,0.02,0.12000000000000001,2244443.68
16,0.02,0.22,0.02,0.22,2244443.68
16,0.02,0.22,0.12000000000000001,0.02,2246367.43
16,0.02,0.22,0.12000000000000001,0.12000000000000001,2244443.68
16,0.02,0.22,0.12000000000000001,0.22,2244443.68
16,0.02,0.22,0.22,0.02,2246367.43
16,0.02,0.22,0.22,0.12000000000000001,2244443.68
16,0.02,0.22,0.22,0.22,2244443.68
16,0.12000000000000001,0.02,0.02,0.02,2248353.75
16,0.12000000000000001,0.02,0.02,0.12000000000000001,2246864.03
16,0.12000000000000001,0.02,0.02,0.22,2246864.03
16,0.12000000000000001,0.02,0.12000000000000001,0.02,2248353.75
16,0.12000000000000001,0.02,0.12000000000000001,0.12000000000000001,2246864.03
16,0.12000000000000001,0.02,0.12000000000000001,0.22,2246864.03
16,0.12000000000000001,0.02,0.22,0.02,2248353.75
16,0.12000000000000001,0.02,0.22,0.12000000000000001,2246864.03
16,0.12000000000000001,0.02,0.22,0.22,2246864.03
16,0.12000000000000001,0.12000000000000001,0.02,0.02,2248353.75
16,0.12000000000000001,0.12000000000000001,0.02,0.12000000000000001,2246864.03
16,0.12000000000000001,0.12000000000000001,0.02,0.22,2246864.03
16,0.12000000000000001,0.12000000000000001,0.12000000000000001,0.02,2248353.75
16,0.12000000000000001,0.12000000000000001,0.12000000000000001,0.12000000000000001,2246864.03
16,0.12000000000000001,0.12000000000000001,0.12000000000000001,0.22,2246864.03
16,0.12000000000000001,0.12000000000000001,0.22,0.02,2248353.75
16,0.12000000000000001,0.12000000000000001,0.22,0.12000000000000001,2246864.03
16,0.12000000000000001,0.12000000000000001,0.22,0.22,2246864.03
16,0.12000000000000001,0.22,0.02,0.02,2248353.75
16,0.12000000000000001,0.22,0.02,0.12000000000000001,2244940.28
16,0.12000000000000001,0.22,0.02,0.22,2244940.28
16,0.12000000000000001,0.22,0.12000000000000001,0.02,2248353.75
16,0.12000000000000001,0.22,0.12000000000000001,0.12000000000000001,2244940.28
16,0.12000000000000001,0.22,0.12000000000000001,0.22,2244940.28
16,0.12000000000000001,0.22,0.22,0.02,2248353.75
16,0.12000000000000001,0.22,0.22,0.12000000000000001,2244940.28
16,0.12000000000000001,0.22,0.22,0.22,2244940.28
16,0.22,0.02,0.02,0.02,2248034.07
16,0.22,0.02,0.02,0.12000000000000001,2246784.07
16,0.22,0.02,0.02,0.22,2246784.07
16,0.22,0.02,0.12000000000000001,0.02,2248034.07
16,0.22,0.02,0.12000000000000001,0.12000000000000001,2246784.07
16,0.22,0.02,0.12000000000000001,0.22,2246784.07
16,0.22,0.02,0.22,0.02,2248034.07
16,0.22,0.02,0.22,0.12000000000000001,2246784.07
16,0.22,0.02,0.22,0.22,2246784.07
16,0.22,0.12000000000000001,0.02,0.02,2248034.07
16,0.22,0.12000000000000001,0.02,0.12000000000000001,2246784.07
16,0.22,0.12000000000000001,0.02,0.22,2246784.07
16,0.22,0.12000000000000001,0.12000000000000001,0.02,2248034.07
16,0.22,0.12000000000000001,0.12000000000000001,0.12000000000000001,2246784.07
16,0.22,0.12000000000000001,0.12000000000000001,0.22,2246784.07
16,0.22,0.12000000000000001,0.22,0.02,2248034.07
16,0.22,0.12000000000000001,0.22,0.12000000000000001,2246784.07
16,0.22,0.12000000000000001,0.22,0.22,2246784.07
16,0.22,0.22,0.02,0.02,2248034.07
16,0.22,0.22,0.02,0.12000000000000001,2244860.32
16,0.22,0.22,0.02,0.22,2244860.32
16,0.22,0.22,0.12000000000000001,0.02,2248034.07
16,0.22,0.22,0.12000000000000001,0.12000000000000001,2244860.32
16,0.22,0.22,0.12000000000000001,0.22,2244860.32
16,0.22,0.22,0.22,0.02,2248034.07
16,0.22,0.22,0.22,0.12000000000000001,2244860.32
16,0.22,0.22,0.22,0.22,2244860.32
17,0.02,0.02,0.02,0.02,2241689.02
17,0.02,0.02,0.02,0.12000000000000001,2242014.08
17,0.02,0.02,0.02,0.22,2242014.08
17,0.02,0.02,0.12000000000000001,0.02,2241689.02
17,0.02,0.02,0.12000000000000001,0.12000000000000001,2242014.08
17,0.02,0.02,0.12000000000000001,0.22,2242014.08
17,0.02,0.02,0.22,0.02,2241689.02
17,0.02,0.02,0.22,0.12000000000000001,2242014.08
17,0.02,0.02,0.22,0.22,2242014.08
17,0.02,0.12000000000000001,0.02,0.02,2239891.32
17,0.02,0.12000000000000001,0.02,0.12000000000000001,2240090.33
17,0.02,0.12000000000000001,0.02,0.22,2240090.33
17,0.02,0.12000000000000001,0.12000000000000001,0.02,2239891.32
17,0.02,0.12000000000000001,0.12000000000000001,0.12000000000000001,2240090.33
17,0.02,0.12000000000000001,0.12000000000000001,0.22,2240090.33
17,0.02,0.12000000000000001,0.22,0.02,2239891.32
17,0.02,0.12000000000000001,0.22,0.12000000000000001,2240090.33
17,0.02,0.12000000000000001,0.22,0.22,2240090.33
17,0.02,0.22,0.02,0.02,2239891.32
17,0.02,0.22,0.02,0.12000000000000001,2240090.33
17,0.02,0.22,0.02,0.22,2239415.58
17,0.02,0.22,0.12000000000000001,0.02,2239891.32
17,0.02,0.22,0.12000000000000001,0.12000000000000001,2240090.33
17,0.02,0.22,0.12000000000000001,0.22,2239415.58
17,0.02,0.22,0.22,0.02,2239891.32
17,0.02,0.22,0.22,0.12000000000000001,2240090.33
17,0.02,0.22,0.22,0.22,2239415.58
17,0.12000000000000001,0.02,0.02,0.02,2241689.02
17,0.12000000000000001,0.02,0.02,0.12000000000000001,2241770.31
17,0.12000000000000001,0.02,0.02,0.22,2241770.31
17,0.12000000000000001,0.02,0.12000000000000001,0.02,2241689.02
17,0.12000000000000001,0.02,0.12000000000000001,0.12000000000000001,2241770.31
17,0.12000000000000001,0.02,0.12000000000000001,0.22,2241770.31
17,0.12000000000000001,0.02,0.22,0.02,2241689.02
17,0.12000000000000001,0.02,0.22,0.12000000000000001,2241770.31
17,0.12000000000000001,0.02,0.22,0.22,2241770.31
17,0.12000000000000001,0.12000000000000001,0.02,0.02,2239891.32
17,0.12000000000000001,0.12000000000000001,0.02,0.12000000000000001,2239846.56
17,0.12000000000000001,0.12000000000000001,0.02,0.22,2239846.56
17,0.12000000000000001,0.12000000000000001,0.12000000000000001,0.02,2239891.32
17,0.12000000000000001,0.12000000000000001,0.12000000000000001,0.12000000000000001,2239846.56
17,0.12000000000000001,0.12000000000000001,0.12000000000000001,0.22,2239846.56
17,0.12000000000000001,0.12000000000000001,0.22,0.02,2239891.32
17,0.12000000000000001,0.12000000000000001,0.22,0.12000000000000001,2239846.56
17,0.12000000000000001,0.12000000000000001,0.22,0.22,2239846.56
17,0.12000000000000001,0.22,0.02,0.02,2239891.32
17,0.12000000000000001,0.22,0.02,0.12000000000000001,2239846.56
17,0.12000000000000001,0.22,0.02,0.22,2239171.81
17,0.12000000000000001,0.22,0.12000000000000001,0.02,2239891.32
17,0.12000000000000001,0.22,0.12000000000000001,0.12000000000000001,2239846.56
17,0.12000000000000001,0.22,0.12000000000000001,0.22,2239171.81
17,0.12000000000000001,0.22,0.22,0.02,2239891.32
17,0.12000000000000001,0.22,0.22,0.12000000000000001,2239846.56
17,0.12000000000000001,0.22,0.22,0.22,2239171.81
17,0.22,0.02,0.02,0.02,2242630.62
17,0.22,0.02,0.02,0.12000000000000001,2241945.71
17,0.22,0.02,0.02,0.22,2241945.71
17,0.22,0.02,0.12000000000000001,0.02,2240859.42
17,0.22,0.02,0.12000000000000001,0.12000000000000001,2240501.25
17,0.22,0.02,0.12000000000000001,0.22,2240501.25
17,0.22,0.02,0.22,0.02,2240859.42
17,0.22,0.02,0.22,0.12000000000000001,2240501.25
17,0.22,0.02,0.22,0.22,2240501.25
17,0.22,0.12000000000000001,0.02,0.02,2240832.92
17,0.22,0.12000000000000001,0.02,0.12000000000000001,2240021.96
17,0.22,0.12000000000000001,0.02,0.22,2240021.96
17,0.22,0.12000000000000001,0.12000000000000001,0.02,2239061.72
17,0.22,0.12000000000000001,0.12000000000000001,0.12000000000000001,2238577.50
17,0.22,0.12000000000000001,0.12000000000000001,0.22,2238577.50
17,0.22,0.12000000000000001,0.22,0.02,2239061.72
17,0.22,0.12000000000000001,0.22,0.12000000000000001,2238577.50
17,0.22,0.12000000000000001,0.22,0.22,2238577.50
17,0.22,0.22,0.02,0.02,2240832.92
17,0.22,0.22,0.02,0.12000000000000001,2240021.96
17,0.22,0.22,0.02,0.22,2239347.21
17,0.22,0.22,0.12000000000000001,0.02,2239061.72
17,0.22,0.22,0.12000000000000001,0.12000000000000001,2238577.50
17,0.22,0.22,0.12000000000000001,0.22,2237902.75
17,0.22,0.22,0.22,0.02,2239061.72
17,0.22,0.22,0.22,0.12000000000000001,2238577.50
17,0.22,0.22,0.22,0.22,2237902.75
18,0.02,0.02,0.02,0.02,2235569.72
18,0.02,0.02,0.02,0.12000000000000001,2235569.72
18,0.02,0.02,0.02,0.22,2235569.72
18,0.02,0.02,0.12000000000000001,0.02,2233609.44
18,0.02,0.02,0.12000000000000001,0.12000000000000001,2233609.44
18,0.02,0.02,0.12000000000000001,0.22,2233609.44
18,0.02,0.02,0.22,0.02,2233609.44
18,0.02,0.02,0.22,0.12000000000000001,2233609.44
18,0.02,0.02,0.22,0.22,2233609.44
18,0.02,0.12000000000000001,0.02,0.02,2235569.72
18,0.02,0.12000000000000001,0.02,0.12000000000000001,2235569.72
18,0.02,0.12000000000000001,0.02,0.22,2235165.39
18,0.02,0.12000000000000001,0.12000000000000001,0.02,2233609.44
18,0.02,0.12000000000000001,0.12000000000000001,0.12000000000000001,2233609.44
18,0.02,0.12000000000000001,0.12000000000000001,0.22,2233531.85
18,0.02,0.12000000000000001,0.22,0.02,2233609.44
18,0.02,0.12000000000000001,0.22,0.12000000000000001,2233609.44
18,0.02,0.12000000000000001,0.22,0.22,2233531.85
18,0.02,0.22,0.02,0.02,2235569.72
18,0.02,0.22,0.02,0.12000000000000001,2235569.72
18,0.02,0.22,0.02,0.22,2235165.39
18,0.02,0.22,0.12000000000000001,0.02,2233609.44
18,0.02,0.22,0.12000000000000001,0.12000000000000001,2233609.44
18,0.02,0.22,0.12000000000000001,0.22,2233531.85
18,0.02,0.22,0.22,0.02,2233609.44
18,0.02,0.22,0.22,0.12000000000000001,2233609.44
18,0.02,0.22,0.22,0.22,2233531.85
18,0.12000000000000001,0.02,0.02,0.02,2236169.04
18,0.12000000000000001,0.02,0.02,0.12000000000000001,2236169.04
18,0.12000000000000001,0.02,0.02,0.22,2236169.04
18,0.12000000000000001,0.02,0.12000000000000001,0.02,2234587.13
18,0.12000000000000001,0.02,0.12000000000000001,0.12000000000000001,2234587.13
18,0.12000000000000001,0.02,0.12000000000000001,0.22,2234587.13
18,0.12000000000000001,0.02,0.22,0.02,2234587.13
18,0.12000000000000001,0.02,0.22,0.12000000000000001,2234587.13
18,0.12000000000000001,0.02,0.22,0.22,2234587.13
18,0.12000000000000001,0.12000000000000001,0.02,0.02,2236169.04
18,0.12000000000000001,0.12000000000000001,0.02,0.12000000000000001,2236169.04
18,0.12000000000000001,0.12000000000000001,0.02,0.22,2235764.71
18,0.12000000000000001,0.12000000000000001,0.12000000000000001,0.02,2234587.13
18,0.12000000000000001,0.12000000000000001,0.12000000000000001,0.12000000000000001,2234587.13
18,0.12000000000000001,0.12000000000000001,0.12000000000000001,0.22,2234320.41
18,0.12000000000000001,0.12000000000000001,0.22,0.02,2234587.13
18,0.12000000000000001,0.12000000000000001,0.22,0.12000000000000001,2234587.13
18,0.12000000000000001,0.12000000000000001,0.22,0.22,2234320.41
18,0.12000000000000001,0.22,0.02,0.02,2236169.04
18,0.12000000000000001,0.22,0.02,0.12000000000000001,2236169.04
18,0.12000000000000001,0.22,0.02,0.22,2235764.71
18,0.12000000000000001,0.22,0.12000000000000001,0.02,2234587.13
18,0.12000000000000001,0.22,0.12000000000000001,0.12000000000000001,2234587.13
18,0.12000000000000001,0.22,0.12000000000000001,0.22,2234320.41
18,0.12000000000000001,0.22,0.22,0.02,2234587.13
18,0.12000000000000001,0.22,0.22,0.12000000000000001,2234587.13
18,0.12000000000000001,0.22,0.22,0.22,2234320.41
18,0.22,0.02,0.02,0.02,2236925.28
18,0.22,0.02,0.02,0.12000000000000001,2236358.12
18,0.22,0.02,0.02,0.22,2236358.12
18,0.22,0.02,0.12000000000000001,0.02,2235343.37
18,0.22,0.02,0.12000000000000001,0.12000000000000001,2234776.21
18,0.22,0.02,0.12000000000000001,0.22,2234776.21
18,0.22,0.02,0.22,0.02,2232724.22
18,0.22,0.02,0.22,0.12000000000000001,2232157.06
18,0.22,0.02,0.22,0.22,2232157.06
18,0.22,0.12000000000000001,0.02,0.02,2236925.28
18,0.22,0.12000000000000001,0.02,0.12000000000000001,2236358.12
18,0.22,0.12000000000000001,0.02,0.22,2235953.79
18,0.22,0.12000000000000001,0.12000000000000001,0.02,2235343.37
18,0.22,0.12000000000000001,0.12000000000000001,0.12000000000000001,2234776.21
18,0.22,0.12000000000000001,0.12000000000000001,0.22,2234509.49
18,0.22,0.12000000000000001,0.22,0.02,2232724.22
18,0.22,0.12000000000000001,0.22,0.12000000000000001,2232157.06
18,0.22,0.12000000000000001,0.22,0.22,2231890.34
18,0.22,0.22,0.02,0.02,2236925.28
18,0.22,0.22,0.02,0.12000000000000001,2236358.12
18,0.22,0.22,0.02,0.22,2235953.79
18,0.22,0.22,0.12000000000000001,0.02,2235343.37
18,0.22,0.22,0.12000000000000001,0.12000000000000001,2234776.21
18,0.22,0.22,0.12000000000000001,0.22,2234509.49
18,0.22,0.22,0.22,0.02,2232724.22
18,0.22,0.22,0.22,0.12000000000000001,2232157.06
18,0.22,0.22,0.22,0.22,2231890.34
19,0.02,0.02,0.02,0.02,2233507.96
19,0.02,0.02,0.02,0.12000000000000001,2232860.46
19,0.02,0.02,0.02,0.22,2232104.22
19,0.02,0.02,0.12000000000000001,0.02,2233507.96
19,0.02,0.02,0.12000000000000001,0.12000000000000001,2232860.46
19,0.02,0.02,0.12000000000000001,0.22,2232104.22
19,0.02,0.02,0.22,0.02,2233507.96
19,0.02,0.02,0.22,0.12000000000000001,2232860.46
19,0.02,0.02,0.22,0.22,2232104.22
19,0.02,0.12000000000000001,0.02,0.02,2233507.96
19,0.02,0.12000000000000001,0.02,0.12000000000000001,2232860.46
19,0.02,0.12000000000000001,0.02,0.22,2232104.22
19,0.02,0.12000000000000001,0.12000000000000001,0.02,2233507.96
19,0.02,0.12000000000000001,0.12000000000000001,0.12000000000000001,2232860.46
19,0.02,0.12000000000000001,0.12000000000000001,0.22,2232104.22
19,0.02,0.12000000000000001,0.22,0.02,2233507.96
19,0.02,0.12000000000000001,0.22,0.12000000000000001,2232860.46
19,0.02,0.12000000000000001,0.22,0.22,2232104.22
19,0.02,0.22,0.02,0.02,2233507.96
19,0.02,0.22,0.02,0.12000000000000001,2233513.78
19,0.02,0.22,0.02,0.22,2232757.54
19,0.02,0.22,0.12000000000000001,0.02,2233507.96
19,0.02,0.22,0.12000000000000001,0.12000000000000001,2233513.78
19,0.02,0.22,0.12000000000000001,0.22,2232757.54
19,0.02,0.22,0.22,0.02,2233507.96
19,0.02,0.22,0.22,0.12000000000000001,2233513.78
19,0.02,0.22,0.22,0.22,2232757.54
19,0.12000000000000001,0.02,0.02,0.02,2233507.96
19,0.12000000000000001,0.02,0.02,0.12000000000000001,2233022.34
19,0.12000000000000001,0.02,0.02,0.22,2232455.18
19,0.12000000000000001,0.02,0.12000000000000001,0.02,2233507.96
19,0.12000000000000001,0.02,0.12000000000000001,0.12000000000000001,2233022.34
19,0.12000000000000001,0.02,0.12000000000000001,0.22,2232455.18
19,0.12000000000000001,0.02,0.22,0.02,2233507.96
19,0.12000000000000001,0.02,0.22,0.12000000000000001,2233022.34
19,0.12000000000000001,0.02,0.22,0.22,2232455.18
19,0.12000000000000001,0.12000000000000001,0.02,0.02,2233507.96
19,0.12000000000000001,0.12000000000000001,0.02,0.12000000000000001,2233022.34
19,0.12000000000000001,0.12000000000000001,0.02,0.22,2232455.18
19,0.12000000000000001,0.12000000000000001,0.12000000000000001,0.02,2233507.96
19,0.12000000000000001,0.12000000000000001,0.12000000000000001,0.12000000000000001,2233022.34
19,0.12000000000000001,0.12000000000000001,0.12000000000000001,0.22,2232455.18
19,0.12000000000000001,0.12000000000000001,0.22,0.02,2233507.96
19,0.12000000000000001,0.12000000000000001,0.22,0.12000000000000001,2233022.34
19,0.12000000000000001,0.12000000000000001,0.22,0.22,2232455.18
19,0.12000000000000001,0.22,0.02,0.02,2233507.96
19,0.12000000000000001,0.22,0.02,0.12000000000000001,2233675.66
19,0.12000000000000001,0.22,0.02,0.22,2233108.50
19,0.12000000000000001,0.22,0.12000000000000001,0.02,2233507.96
19,0.12000000000000001,0.22,0.12000000000000001,0.12000000000000001,2233675.66
19,0.12000000000000001,0.22,0.12000000000000001,0.22,2233108.50
19,0.12000000000000001,0.22,0.22,0.02,2233507.96
19,0.12000000000000001,0.22,0.22,0.12000000000000001,2233675.66
19,0.12000000000000001,0.22,0.22,0.22,2233108.50
19,0.22,0.02,0.02,0.02,2233507.96
19,0.22,0.02,0.02,0.12000000000000001,2233022.34
19,0.22,0.02,0.02,0.22,2232455.18
19,0.22,0.02,0.12000000000000001,0.02,2233507.96
19,0.22,0.02,0.12000000000000001,0.12000000000000001,2233022.34
19,0.22,0.02,0.12000000000000001,0.22,2232455.18
19,0.22,0.02,0.22,0.02,2231866.50
19,0.22,0.02,0.22,0.12000000000000001,2231191.75
19,0.22,0.02,0.22,0.22,2230624.59
19,0.22,0.12000000000000001,0.02,0.02,2233507.96
19,0.22,0.12000000000000001,0.02,0.12000000000000001,2233022.34
19,0.22,0.12000000000000001,0.02,0.22,2232455.18
19,0.22,0.12000000000000001,0.12000000000000001,0.02,2233507.96
19,0.22,0.12000000000000001,0.12000000000000001,0.12000000000000001,2233022.34
19,0.22,0.12000000000000001,0.12000000000000001,0.22,2232455.18
19,0.22,0.12000000000000001,0.22,0.02,2231866.50
19,0.22,0.12000000000000001,0.22,0.12000000000000001,2231191.75
19,0.22,0.12000000000000001,0.22,0.22,2230624.59
19,0.22,0.22,0.02,0.02,2233507.96
19,0.22,0.22,0.02,0.12000000000000001,2233675.66
19,0.22,0.22,0.02,0.22,2233108.50
19,0.22,0.22,0.12000000000000001,0.02,2233507.96
19,0.22,0.22,0.12000000000000001,0.12000000000000001,2233675.66
19,0.22,0.22,0.12000000000000001,0.22,2233108.50
19,0.22,0.22,0.22,0.02,2231866.50
19,0.22,0.22,0.22,0.12000000000000001,2231845.07
19,0.22,0.22,0.22,0.22,2231277.91
20,0.02,0.02,0.02,0.02,2230059.59
20,0.02,0.02,0.02,0.12000000000000001,2230059.59
20,0.02,0.02,0.02,0.22,2230059.59
20,0.02,0.02,0.12000000000000001,0.02,2230059.59
20,0.02,0.02,0.12000000000000001,0.12000000000000001,2230059.59
20,0.02,0.02,0.12000000000000001,0.22,2230059.59
20,0.02,0.02,0.22,0.02,2230059.59
20,0.02,0.02,0.22,0.12000000000000001,2230059.59
20,0.02,0.02,0.22,0.22,2230059.59
20,0.02,0.12000000000000001,0.02,0.02,2230059.59
20,0.02,0.12000000000000001,0.02,0.12000000000000001,2230059.59
20,0.02,0.12000000000000001,0.02,0.22,2230059.59
20,0.02,0.12000000000000001,0.12000000000000001,0.02,2230059.59
20,0.02,0.12000000000000001,0.12000000000000001,0.12000000000000001,2230059.59
20,0.02,0.12000000000000001,0.12000000000000001,0.22,2230059.59
20,0.02,0.12000000000000001,0.22,0.02,2230059.59
20,0.02,0.12000000000000001,0.22,0.12000000000000001,2230059.59
20,0.02,0.12000000000000001,0.22,0.22,2230059.59
20,0.02,0.22,0.02,0.02,2230059.59
20,0.02,0.22,0.02,0.12000000000000001,2230712.91
20,0.02,0.22,0.02,0.22,2230712.91
20,0.02,0.22,0.12000000000000001,0.02,2230059.59
20,0.02,0.22,0.12000000000000001,0.12000000000000001,2230712.91
20,0.02,0.22,0.12000000000000001,0.22,2230712.91
20,0.02,0.22,0.22,0.02,2230059.59
20,0.02,0.22,0.22,0.12000000000000001,2230712.91
20,0.02,0.22,0.22,0.22,2230712.91
20,0.12000000000000001,0.02,0.02,0.02,2230059.59
20,0.12000000000000001,0.02,0.02,0.12000000000000001,2230059.59
20,0.12000000000000001,0.02,0.02,0.22,2230059.59
20,0.12000000000000001,0.02,0.12000000000000001,0.02,2230221.47
20,0.12000000000000001,0.02,0.12000000000000001,0.12000000000000001,2230221.47
20,0.12000000000000001,0.02,0.12000000000000001,0.22,2230221.47
20,0.12000000000000001,0.02,0.22,0.02,2230221.47
20,0.12000000000000001,0.02,0.22,0.12000000000000001,2230221.47
20,0.12000000000000001,0.02,0.22,0.22,2230221.47
20,0.12000000000000001,0.12000000000000001,0.02,0.02,2230059.59
20,0.12000000000000001,0.12000000000000001,0.02,0.12000000000000001,2230059.59
20,0.12000000000000001,0.12000000000000001,0.02,0.22,2230059.59
20,0.12000000000000001,0.12000000000000001,0.12000000000000001,0.02,2230221.47
20,0.12000000000000001,0.12000000000000001,0.12000000000000001,0.12000000000000001,2230221.47
20,0.12000000000000001,0.12000000000000001,0.12000000000000001,0.22,2230221.47
20,0.12000000000000001,0.12000000000000001,0.22,0.02,2230221.47
20,0.12000000000000001,0.12000000000000001,0.22,0.12000000000000001,2230221.47
20,0.12000000000000001,0.12000000000000001,0.22,0.22,2230221.47
20,0.12000000000000001,0.22,0.02,0.02,2230059.59
20,0.12000000000000001,0.22,0.02,0.12000000000000001,2230712.91
20,0.12000000000000001,0.22,0.02,0.22,2230712.91
20,0.12000000000000001,0.22,0.12000000000000001,0.02,2230221.47
20,0.12000000000000001,0.22,0.12000000000000001,0.12000000000000001,2230874.79
20,0.12000000000000001,0.22,0.12000000000000001,0.22,2230874.79
20,0.12000000000000001,0.22,0.22,0.02,2230221.47
20,0.12000000000000001,0.22,0.22,0.12000000000000001,2230874.79
20,0.12000000000000001,0.22,0.22,0.22,2230874.79
20,0.22,0.02,0.02,0.02,2233212.85
20,0.22,0.02,0.02,0.12000000000000001,2230847.99
20,0.22,0.02,0.02,0.22,2230847.99
20,0.22,0.02,0.12000000000000001,0.02,2233374.73
20,0.22,0.02,0.12000000000000001,0.12000000000000001,2231009.87
20,0.22,0.02,0.12000000000000001,0.22,2231009.87
20,0.22,0.02,0.22,0.02,2230755.58
20,0.22,0.02,0.22,0.12000000000000001,2228390.72
20,0.22,0.02,0.22,0.22,2228390.72
20,0.22,0.12000000000000001,0.02,0.02,2233212.85
20,0.22,0.12000000000000001,0.02,0.12000000000000001,2230847.99
20,0.22,0.12000000000000001,0.02,0.22,2230847.99
20,0.22,0.12000000000000001,0.12000000000000001,0.02,2233374.73
20,0.22,0.12000000000000001,0.12000000000000001,0.12000000000000001,2231009.87
20,0.22,0.12000000000000001,0.12000000000000001,0.22,2231009.87
20,0.22,0.12000000000000001,0.22,0.02,2230755.58
20,0.22,0.12000000000000001,0.22,0.12000000000000001,2228390.72
20,0.22,0.12000000000000001,0.22,0.22,2228390.72
20,0.22,0.22,0.02,0.02,2233212.85
20,0.22,0.22,0.02,0.12000000000000001,2231501.31
20,0.22,0.22,0.02,0.22,2231501.31
20,0.22,0.22,0.12000000000000001,0.02,2233374.73
20,0.22,0.22,0.12000000000000001,0.12000000000000001,2231663.19
20,0.22,0.22,0.12000000000000001,0.22,2231663.19
20,0.22,0.22,0.22,0.02,2230755.58
20,0.22,0.22,0.22,0.12000000000000001,2229044.04
20,0.22,0.22,0.22,0.22,2229044.04
